ID,Owned,Name,Type,Rarity,Domains,,Energy,Might,Power,Card Type,Set,Limit,Missing,Extras,Rarity,,,,,,,,,,,,,,,,,,,,,,,,,,,,,,,,,,,,,,,,,,,,,,,,,,
ogn-001,3,Blazing Scorcher,,,,,5,,,Unit,Origins,3,0,0,Common,,Owned Total,,Rarity,,,,,,,,Missing,,Rarity,,,,,,,,Extras,,Rarity,,,,,,,,SUM of Limit,,Rarity,,,,,,,,Owned %,,,,,,,,
ogn-002,4,Brazen Buccaneer,,,,,5,,,Unit,Origins,3,0,1,Common,,Set,Domains,,,,,,Grand Total,,,Set,Domains,,,,,,Grand Total,,,Set,Domains,,,,,,Grand Total,,,Set,Domains,,,,,,Grand Total,,,Set,Domains,,,,,,Grand Total,
ogn-003,5,Chemtech Enforcer,,,,,2,,,Unit,Origins,3,0,2,Common,,Origins,,40.0,9.0,6.0,0.0,0.0,55.0,,,Origins,any,3.0,10.0,,,,13.0,,,Origins,any,5.0,1.0,,,,6.0,,,Origins,any,12.0,24.0,,,,36.0,,,Origins,any,0.75,0.5833333333,,,,0.6388888889,
ogn-004,1,Cleave,,,,,,,,Spell,Origins,3,2,0,Common,,,,37.0,7.0,2.0,0.0,0.0,46.0,,,,,13.0,21.0,32.0,21.0,2.0,89.0,,,,,11.0,0.0,0.0,0.0,0.0,11.0,,,,,42.0,30.0,38.0,21.0,2.0,133.0,,,,,0.6904761905,0.3,0.1578947368,0,0,0.3308270677,
ogn-005,1,Disintegrate,,,,,,,,Spell,Origins,3,2,0,Common,,,,17.0,6.0,5.0,1.0,0.0,29.0,,,,,19.0,23.0,37.0,24.0,3.0,106.0,,,,,14.0,0.0,0.0,0.0,0.0,14.0,,,,,42.0,30.0,39.0,24.0,3.0,138.0,,,,,0.5476190476,0.2333333333,0.05128205128,0,0,0.231884058,
ogn-006,4,Flame Chompers,,,,,3,,,Unit,Origins,3,0,1,Common,,,,51.0,6.0,7.0,2.0,0.0,66.0,,,,,25.0,24.0,32.0,17.0,1.0,99.0,,,,,0.0,0.0,0.0,0.0,0.0,0.0,,,,,42.0,30.0,37.0,18.0,1.0,128.0,,,,,0.4047619048,0.2,0.1351351351,0.05555555556,0,0.2265625,
ogn-007,10,Fury Rune,,,,,,,,Rune,Origins,3,0,7,Common,,,,32.0,12.0,8.0,0.0,0.0,52.0,,,,,12.0,24.0,33.0,25.0,4.0,98.0,,,,,21.0,0.0,0.0,0.0,0.0,21.0,,,,,42.0,30.0,40.0,27.0,4.0,143.0,,,,,0.7142857143,0.2,0.175,0.07407407407,0,0.3146853147,
ogn-008,3,Get Excited!,,,,,,1,,Spell,Origins,3,0,0,Common,,,,38.0,8.0,3.0,0.0,,49.0,,,,,15.0,18.0,30.0,21.0,2.0,86.0,,,,,5.0,0.0,0.0,0.0,0.0,5.0,,,,,42.0,30.0,38.0,21.0,2.0,133.0,,,,,0.6428571429,0.4,0.2105263158,0,0,0.3533834586,
ogn-009,1,Hextech Ray,,,,,,1,,Spell,Origins,3,2,0,Common,,,any,14.0,15.0,,,,29.0,,,,,16.0,23.0,33.0,15.0,,87.0,,,,,12.0,1.0,0.0,0.0,,13.0,,,,,42.0,30.0,36.0,15.0,,123.0,,,,,0.619047619,0.2333333333,0.08333333333,0,,0.2926829268,
ogn-010,2,Legion Rearguard,,,,,2,,,Unit,Origins,3,1,0,Common,,Origins Total,,229.0,63.0,31.0,3.0,0.0,326.0,,,Origins Total,,103.0,143.0,197.0,123.0,12.0,578.0,,,Origins Total,,68.0,2.0,0.0,0.0,0.0,70.0,,,Origins Total,,264.0,204.0,228.0,126.0,12.0,834.0,,,Origins Total,,0.6098484848,0.2990196078,0.1359649123,0.02380952381,0,0.3069544365,
ogn-011,1,Magma Wurm,,,,,8,1,,Unit,Origins,3,2,0,Common,,Proving Grounds,,0.0,0.0,,0.0,,0.0,,,Proving Grounds,,3.0,3.0,,3.0,,9.0,,,Proving Grounds,,0.0,0.0,,0.0,,0.0,,,Proving Grounds,,3.0,3.0,,3.0,,9.0,,,Proving Grounds,,0,0,,0,,0,
ogn-012,3,Noxus Hopeful,,,,,4,,,Unit,Origins,3,0,0,Common,,,,,3.0,2.0,,,5.0,,,,,,0.0,1.0,,,1.0,,,,,,0.0,0.0,,,0.0,,,,,,3.0,3.0,,,6.0,,,,,,1,0.6666666667,,,0.8333333333,
ogn-013,2,Pouty Poro,,,,,2,,,Unit,Origins,3,1,0,Common,,,,,,0.0,0.0,,0.0,,,,,,,4.0,3.0,,7.0,,,,,,,0.0,0.0,,0.0,,,,,,,4.0,3.0,,7.0,,,,,,,0,0,,0,
ogn-014,0,Sky Splitter,,,,,,1,,Spell,Origins,3,3,0,Common,,,,3.0,,4.0,6.0,,13.0,,,,,0.0,,1.0,3.0,,4.0,,,,,0.0,,0.0,0.0,,0.0,,,,,3.0,,5.0,9.0,,17.0,,,,,1,,0.8,0.6666666667,,0.7647058824,
ogn-015,0,Captain Farron,,,,,5,1,,Unit,Origins,3,3,0,Uncommon,,,,0.0,,0.0,0.0,,0.0,,,,,3.0,,4.0,3.0,,10.0,,,,,0.0,,0.0,0.0,,0.0,,,,,3.0,,4.0,3.0,,10.0,,,,,0,,0,0,,0,
ogn-016,0,Dangerous Duo,,,,,3,,,Unit,Origins,3,3,0,Uncommon,,,,3.0,3.0,,2.0,,8.0,,,,,3.0,0.0,,4.0,,7.0,,,,,0.0,0.0,,0.0,,0.0,,,,,6.0,3.0,,6.0,,15.0,,,,,0.5,1,,0.3333333333,,0.5333333333,
ogn-017,1,Iron Ballista,,,,,,,,Gear,Origins,3,2,0,Uncommon,,Proving Grounds Total,,6.0,6.0,6.0,8.0,,26.0,,,Proving Grounds Total,,9.0,3.0,10.0,16.0,,38.0,,,Proving Grounds Total,,0.0,0.0,0.0,0.0,,0.0,,,Proving Grounds Total,,15.0,9.0,16.0,24.0,,64.0,,,Proving Grounds Total,,0.4,0.6666666667,0.375,0.3333333333,,0.40625,
ogn-018,0,Noxus Saboteur,,,,,3,,,Unit,Origins,3,3,0,Uncommon,,Spiritforged,,34.0,11.0,12.0,3.0,0.0,60.0,,,Spiritforged,any,0.0,0.0,,,,0.0,,,Spiritforged,any,3.0,3.0,,,,6.0,,,Spiritforged,any,3.0,15.0,,,,18.0,,,Spiritforged,any,1,1,,,,1,
ogn-019,3,Raging Soul,,,,,4,,,Unit,Origins,3,0,0,Uncommon,,,,33.0,9.0,8.0,4.0,0.0,54.0,,,,,1.0,13.0,14.0,15.0,8.0,51.0,,,,,5.0,0.0,0.0,0.0,0.0,5.0,,,,,30.0,24.0,26.0,18.0,8.0,106.0,,,,,0.9666666667,0.4583333333,0.4615384615,0.1666666667,0,0.5188679245,
ogn-020,1,Scrapyard Champion,,,,,5,1,,Unit,Origins,3,2,0,Uncommon,,,,45.0,13.0,5.0,3.0,0.0,66.0,,,,,1.0,15.0,19.0,23.0,12.0,70.0,,,,,4.0,0.0,0.0,0.0,0.0,4.0,,,,,30.0,24.0,27.0,27.0,12.0,120.0,,,,,0.9666666667,0.375,0.2962962963,0.1481481481,0,0.4166666667,
ogn-021,1,Sun Disc,,,,,,1,,Gear,Origins,3,2,0,Uncommon,,,,30.0,12.0,7.0,1.0,0.0,50.0,,,,,0.0,12.0,20.0,12.0,13.0,57.0,,,,,15.0,1.0,0.0,0.0,0.0,16.0,,,,,30.0,24.0,25.0,15.0,13.0,107.0,,,,,1,0.5,0.2,0.2,0,0.4672897196,
ogn-022,0,Thermo Beam,,,,,,2,,Spell,Origins,3,3,0,Uncommon,,,,27.0,12.0,7.0,0.0,0.0,46.0,,,,,2.0,12.0,21.0,23.0,13.0,71.0,,,,,2.0,0.0,0.0,0.0,0.0,2.0,,,,,30.0,24.0,28.0,24.0,13.0,119.0,,,,,0.9333333333,0.5,0.25,0.04166666667,0,0.4033613445,
ogn-023,0,Unlicensed Armory,,,,,,,,Gear,Origins,3,3,0,Uncommon,,,,31.0,12.0,4.0,0.0,0.0,47.0,,,,,5.0,12.0,19.0,18.0,8.0,62.0,,,,,2.0,0.0,0.0,0.0,0.0,2.0,,,,,30.0,24.0,26.0,18.0,8.0,106.0,,,,,0.8333333333,0.5,0.2692307692,0,0,0.4150943396,
ogn-024,3,Void Seeker,,,,,,1,,Spell,Origins,3,0,0,Uncommon,,,any,6.0,18.0,,,,24.0,,,,,1.0,12.0,20.0,12.0,12.0,57.0,,,,,2.0,0.0,0.0,0.0,0.0,2.0,,,,,30.0,24.0,24.0,12.0,12.0,102.0,,,,,0.9666666667,0.5,0.1666666667,0,0,0.4411764706,
ogn-025,0,Blind Fury,,,,,,2,,Spell,Origins,3,3,0,Rare,,Spiritforged Total,,206.0,87.0,43.0,11.0,0.0,347.0,,,Spiritforged Total,,10.0,76.0,113.0,103.0,66.0,368.0,,,Spiritforged Total,,33.0,4.0,0.0,0.0,0.0,37.0,,,Spiritforged Total,,183.0,159.0,156.0,114.0,66.0,678.0,,,Spiritforged Total,,0.9453551913,0.5220125786,0.2756410256,0.09649122807,0,0.4572271386,
ogn-026,0,Brynhir Thundersong,,,,,5,,,Unit,Origins,3,3,0,Rare,,Unleased,,0.0,0.0,0.0,0.0,0.0,0.0,,,Unleased,any,14.0,15.0,,,,29.0,,,Unleased,any,0.0,0.0,,,,0.0,,,Unleased,any,14.0,15.0,,,,29.0,,,Unleased,any,0,0,,,,0,
ogn-027,0,"Darius, Trifarian",,,,,5,1,,Unit,Origins,3,3,0,Rare,,,,0.0,0.0,0.0,0.0,0.0,0.0,,,,,30.0,24.0,26.0,18.0,5.0,103.0,,,,,0.0,0.0,0.0,0.0,0.0,0.0,,,,,30.0,24.0,26.0,18.0,5.0,103.0,,,,,0,0,0,0,0,0,
ogn-028,1,"Draven, Showboat",,,,,3,1,,Unit,Origins,3,2,0,Rare,,,,0.0,0.0,0.0,0.0,0.0,0.0,,,,,30.0,24.0,27.0,21.0,6.0,108.0,,,,,0.0,0.0,0.0,0.0,0.0,0.0,,,,,30.0,24.0,27.0,21.0,6.0,108.0,,,,,0,0,0,0,0,0,
ogn-029,0,Falling Star,,,,,,2,,Spell,Origins,3,3,0,Rare,,,,0.0,0.0,0.0,0.0,0.0,0.0,,,,,30.0,24.0,25.0,15.0,4.0,98.0,,,,,0.0,0.0,0.0,0.0,0.0,0.0,,,,,30.0,24.0,25.0,15.0,4.0,98.0,,,,,0,0,0,0,0,0,
ogn-030,2,"Jinx, Demolitionist",,,,,4,1,,Unit,Origins,3,1,0,Rare,,,,0.0,0.0,0.0,0.0,0.0,0.0,,,,,30.0,24.0,28.0,24.0,7.0,113.0,,,,,0.0,0.0,0.0,0.0,0.0,0.0,,,,,30.0,24.0,28.0,24.0,7.0,113.0,,,,,0,0,0,0,0,0,
ogn-031,0,Raging Firebrand,,,,,4,1,,Unit,Origins,3,3,0,Rare,,,,0.0,0.0,0.0,0.0,0.0,0.0,,,,,30.0,24.0,26.0,18.0,8.0,106.0,,,,,0.0,0.0,0.0,0.0,0.0,0.0,,,,,30.0,24.0,26.0,18.0,8.0,106.0,,,,,0,0,0,0,0,0,
ogn-032,0,Ravenborn Tome,,,,,,,,Gear,Origins,3,3,0,Rare,,,any,0.0,0.0,,,,0.0,,,,,30.0,24.0,24.0,12.0,3.0,93.0,,,,,0.0,0.0,0.0,0.0,0.0,0.0,,,,,30.0,24.0,24.0,12.0,3.0,93.0,,,,,0,0,0,0,0,0,
ogn-033,0,Shakedown,,,,,,1,,Spell,Origins,3,3,0,Rare,,Unleased Total,,0.0,0.0,0.0,0.0,0.0,0.0,,,Unleased Total,,194.0,159.0,156.0,108.0,33.0,650.0,,,Unleased Total,,0.0,0.0,0.0,0.0,0.0,0.0,,,Unleased Total,,194.0,159.0,156.0,108.0,33.0,650.0,,,Unleased Total,,0,0,0,0,0,0,
ogn-034,0,"Tryndamere, Barbarian",,,,,8,2,,Unit,Origins,3,3,0,Rare,,Grand Total,,441.0,156.0,80.0,22.0,0.0,699.0,,,Grand Total,,316.0,381.0,476.0,350.0,111.0,1634.0,,,Grand Total,,101.0,6.0,0.0,0.0,0.0,107.0,,,Grand Total,,656.0,531.0,556.0,372.0,111.0,2226.0,,,Grand Total,,0.5182926829,0.2824858757,0.1438848921,0.05913978495,0,0.2659478886,
ogn-035,1,"Vayne, Hunter",,,,,2,1,,Unit,Origins,3,2,0,Rare,,,,,,,,,,,,,,,,,,,,,,,,,,,,,,,,,,,,,,,,,,,,,,,,,,
ogn-036,1,"Vi, Destructive",,,,,3,1,,Unit,Origins,3,2,0,Rare,,,,,,,,,,,,,,,,,,,,,,,,,,,,,,,,,,,,,,,,,,,,,,,,,,
ogn-037,0,Immortal Phoenix,,,,,3,1,,Unit,Origins,3,3,0,Epic,,,,,,,,,,,,,,,,,,,,,,,,,,,,,,,,,,,,,,,,,,,,,,,,,,
ogn-038,0,Kadregrin the Infernal,,,,,9,2,,Unit,Origins,3,3,0,Epic,,,,,,,,,,,,,,,,,,,,,,,,,,,,,,,,,,,,,,,,,,,,,,,,,,
ogn-039,0,"Kai'Sa, Survivor",,,,,4,,,Unit,Origins,3,3,0,Epic,,,,,,,,,,,,,,,,,,,,,,,,,,,,,,,,,,,,,,,,,,,,,,,,,,
ogn-040,0,Seal of Rage,,,,,,1,,Gear,Origins,3,3,0,Epic,,,,,,,,,,,,,,,,,,,,,,,,,,,,,,,,,,,,,,,,,,,,,,,,,,
ogn-041,0,"Volibear, Furious",,,,,9,2,,Unit,Origins,3,3,0,Epic,,,,,,,,,,,,,,,,,,,,,,,,,,,,,,,,,,,,,,,,,,,,,,,,,,
ogn-042,6,Calm Rune,,,,,,,,Rune,Origins,3,0,3,Common,,,,,,,,,,,,,,,,,,,,,,,,,,,,,,,,,,,,,,,,,,,,,,,,,,
ogn-043,1,Charm,,,,,,1,,Spell,Origins,3,2,0,Common,,,,,,,,,,,,,,,,,,,,,,,,,,,,,,,,,,,,,,,,,,,,,,,,,,
ogn-044,0,Clockwork Keeper,,,,,2,,,Unit,Origins,3,3,0,Common,,,,,,,,,,,,,,,,,,,,,,,,,,,,,,,,,,,,,,,,,,,,,,,,,,
ogn-045,0,Defy,,,,,,1,,Spell,Origins,3,3,0,Common,,,,,,,,,,,,,,,,,,,,,,,,,,,,,,,,,,,,,,,,,,,,,,,,,,
ogn-046,5,En Garde,,,,,,,,Spell,Origins,3,0,2,Common,,,,,,,,,,,,,,,,,,,,,,,,,,,,,,,,,,,,,,,,,,,,,,,,,,
ogn-047,0,Find Your Center,,,,,,,,Spell,Origins,3,3,0,Common,,,,,,,,,,,,,,,,,,,,,,,,,,,,,,,,,,,,,,,,,,,,,,,,,,
ogn-048,5,Meditation,,,,,,,,Spell,Origins,3,0,2,Common,,,,,,,,,,,,,,,,,,,,,,,,,,,,,,,,,,,,,,,,,,,,,,,,,,
ogn-049,6,Playful Phantom,,,,,5,,,Unit,Origins,3,0,3,Common,,,,,,,,,,,,,,,,,,,,,,,,,,,,,,,,,,,,,,,,,,,,,,,,,,
ogn-050,1,Rune Prison,,,,,,1,,Spell,Origins,3,2,0,Common,,,,,,,,,,,,,,,,,,,,,,,,,,,,,,,,,,,,,,,,,,,,,,,,,,
ogn-051,2,Solari Shieldbearer,,,,,2,,,Unit,Origins,3,1,0,Common,,,,,,,,,,,,,,,,,,,,,,,,,,,,,,,,,,,,,,,,,,,,,,,,,,
ogn-052,6,Stalwart Poro,,,,,2,,,Unit,Origins,3,0,3,Common,,,,,,,,,,,,,,,,,,,,,,,,,,,,,,,,,,,,,,,,,,,,,,,,,,
ogn-053,1,Stand United,,,,,,,,Spell,Origins,3,2,0,Common,,,,,,,,,,,,,,,,,,,,,,,,,,,,,,,,,,,,,,,,,,,,,,,,,,
ogn-054,0,Sunlit Guardian,,,,,3,,,Unit,Origins,3,3,0,Common,,,,,,,,,,,,,,,,,,,,,,,,,,,,,,,,,,,,,,,,,,,,,,,,,,
ogn-055,4,Wielder of Water,,,,,2,,,Unit,Origins,3,0,1,Common,,,,,,,,,,,,,,,,,,,,,,,,,,,,,,,,,,,,,,,,,,,,,,,,,,
ogn-056,0,Adaptatron,,,,,3,,,Unit,Origins,3,3,0,Uncommon,,,,,,,,,,,,,,,,,,,,,,,,,,,,,,,,,,,,,,,,,,,,,,,,,,
ogn-057,1,Block,,,,,,,,Spell,Origins,3,2,0,Uncommon,,,,,,,,,,,,,,,,,,,,,,,,,,,,,,,,,,,,,,,,,,,,,,,,,,
ogn-058,1,Discipline,,,,,,,,Spell,Origins,3,2,0,Uncommon,,,,,,,,,,,,,,,,,,,,,,,,,,,,,,,,,,,,,,,,,,,,,,,,,,
ogn-059,1,Eclipse Herald,,,,,7,1,,Unit,Origins,3,2,0,Uncommon,,,,,,,,,,,,,,,,,,,,,,,,,,,,,,,,,,,,,,,,,,,,,,,,,,
ogn-060,1,Mask of Foresight,,,,,,,,Gear,Origins,3,2,0,Uncommon,,,,,,,,,,,,,,,,,,,,,,,,,,,,,,,,,,,,,,,,,,,,,,,,,,
ogn-061,2,Poro Herder,,,,,3,1,,Unit,Origins,3,1,0,Uncommon,,,,,,,,,,,,,,,,,,,,,,,,,,,,,,,,,,,,,,,,,,,,,,,,,,
ogn-062,0,Reinforce,,,,,,,,Spell,Origins,3,3,0,Uncommon,,,,,,,,,,,,,,,,,,,,,,,,,,,,,,,,,,,,,,,,,,,,,,,,,,
ogn-063,0,Spirit's Refuge,,,,,,1,,Gear,Origins,3,3,0,Uncommon,,,,,,,,,,,,,,,,,,,,,,,,,,,,,,,,,,,,,,,,,,,,,,,,,,
ogn-064,0,Wind Wall,,,,,,2,,Spell,Origins,3,3,0,Uncommon,,,,,,,,,,,,,,,,,,,,,,,,,,,,,,,,,,,,,,,,,,,,,,,,,,
ogn-065,1,Wizened Elder,,,,,4,,,Unit,Origins,3,2,0,Uncommon,,,,,,,,,,,,,,,,,,,,,,,,,,,,,,,,,,,,,,,,,,,,,,,,,,
ogn-066,0,"Ahri, Alluring",,,,,4,1,,Unit,Origins,3,3,0,Rare,,,,,,,,,,,,,,,,,,,,,,,,,,,,,,,,,,,,,,,,,,,,,,,,,,
ogn-067,0,"Blitzcrank, Impassive",,,,,5,1,,Unit,Origins,3,3,0,Rare,,,,,,,,,,,,,,,,,,,,,,,,,,,,,,,,,,,,,,,,,,,,,,,,,,
ogn-068,0,"Caitlyn, Patrolling",,,,,3,1,,Unit,Origins,3,3,0,Rare,,,,,,,,,,,,,,,,,,,,,,,,,,,,,,,,,,,,,,,,,,,,,,,,,,
ogn-069,1,Last Stand,,,,,,1,,Spell,Origins,3,2,0,Rare,,,,,,,,,,,,,,,,,,,,,,,,,,,,,,,,,,,,,,,,,,,,,,,,,,
ogn-070,0,Mageseeker Warden,,,,,5,1,,Unit,Origins,3,3,0,Rare,,,,,,,,,,,,,,,,,,,,,,,,,,,,,,,,,,,,,,,,,,,,,,,,,,
ogn-071,1,Party Favors,,,,,,,,Spell,Origins,3,2,0,Rare,,,,,,,,,,,,,,,,,,,,,,,,,,,,,,,,,,,,,,,,,,,,,,,,,,
ogn-072,0,Solari Shrine,,,,,,,,Gear,Origins,3,3,0,Rare,,,,,,,,,,,,,,,,,,,,,,,,,,,,,,,,,,,,,,,,,,,,,,,,,,
ogn-073,0,"Sona, Harmonious",,,,,4,1,,Unit,Origins,3,3,0,Rare,,,,,,,,,,,,,,,,,,,,,,,,,,,,,,,,,,,,,,,,,,,,,,,,,,
ogn-074,0,"Taric, Protector",,,,,4,1,,Unit,Origins,3,3,0,Rare,,,,,,,,,,,,,,,,,,,,,,,,,,,,,,,,,,,,,,,,,,,,,,,,,,
ogn-075,0,Tasty Faefolk,,,,,6,,,Unit,Origins,3,3,0,Rare,,,,,,,,,,,,,,,,,,,,,,,,,,,,,,,,,,,,,,,,,,,,,,,,,,
ogn-076,0,"Yasuo, Remorseful",,,,,6,2,,Unit,Origins,3,3,0,Rare,,,,,,,,,,,,,,,,,,,,,,,,,,,,,,,,,,,,,,,,,,,,,,,,,,
ogn-077,0,Zhonya's Hourglass,,,,,,,,Gear,Origins,3,3,0,Rare,,,,,,,,,,,,,,,,,,,,,,,,,,,,,,,,,,,,,,,,,,,,,,,,,,
ogn-078,0,"Lee Sin, Ascetic",,,,,5,1,,Unit,Origins,3,3,0,Epic,,,,,,,,,,,,,,,,,,,,,,,,,,,,,,,,,,,,,,,,,,,,,,,,,,
ogn-079,0,"Leona, Zealot",,,,,6,1,,Unit,Origins,3,3,0,Epic,,,,,,,,,,,,,,,,,,,,,,,,,,,,,,,,,,,,,,,,,,,,,,,,,,
ogn-080,0,Mystic Reversal,,,,,,3,,Spell,Origins,3,3,0,Epic,,,,,,,,,,,,,,,,,,,,,,,,,,,,,,,,,,,,,,,,,,,,,,,,,,
ogn-081,0,Seal of Focus,,,,,,1,,Gear,Origins,3,3,0,Epic,,,,,,,,,,,,,,,,,,,,,,,,,,,,,,,,,,,,,,,,,,,,,,,,,,
ogn-082,0,Whiteflame Protector,,,,,8,2,,Unit,Origins,3,3,0,Epic,,,,,,,,,,,,,,,,,,,,,,,,,,,,,,,,,,,,,,,,,,,,,,,,,,
ogn-083,1,Consult the Past,,,,,,,,Spell,Origins,3,2,0,Common,,,,,,,,,,,,,,,,,,,,,,,,,,,,,,,,,,,,,,,,,,,,,,,,,,
ogn-084,2,Eager Apprentice,,,,,3,,,Unit,Origins,3,1,0,Common,,,,,,,,,,,,,,,,,,,,,,,,,,,,,,,,,,,,,,,,,,,,,,,,,,
ogn-085,2,Falling Comet,,,,,,,,Spell,Origins,3,1,0,Common,,,,,,,,,,,,,,,,,,,,,,,,,,,,,,,,,,,,,,,,,,,,,,,,,,
ogn-086,0,Jeweled Colossus,,,,,5,,,Unit,Origins,3,3,0,Common,,,,,,,,,,,,,,,,,,,,,,,,,,,,,,,,,,,,,,,,,,,,,,,,,,
ogn-087,0,Lecturing Yordle,,,,,2,,,Unit,Origins,3,3,0,Common,,,,,,,,,,,,,,,,,,,,,,,,,,,,,,,,,,,,,,,,,,,,,,,,,,
ogn-088,3,Mega-Mech,,,,,8,,,Unit,Origins,3,0,0,Common,,,,,,,,,,,,,,,,,,,,,,,,,,,,,,,,,,,,,,,,,,,,,,,,,,
ogn-089,1,Mind Rune,,,,,,,,Rune,Origins,3,2,0,Common,,,,,,,,,,,,,,,,,,,,,,,,,,,,,,,,,,,,,,,,,,,,,,,,,,
ogn-090,2,Orb of Regret,,,,,,,,Gear,Origins,3,1,0,Common,,,,,,,,,,,,,,,,,,,,,,,,,,,,,,,,,,,,,,,,,,,,,,,,,,
ogn-091,1,Pit Crew,,,,,3,,,Unit,Origins,3,2,0,Common,,,,,,,,,,,,,,,,,,,,,,,,,,,,,,,,,,,,,,,,,,,,,,,,,,
ogn-092,1,Riptide Rex,,,,,6,2,,Unit,Origins,3,2,0,Common,,,,,,,,,,,,,,,,,,,,,,,,,,,,,,,,,,,,,,,,,,,,,,,,,,
ogn-093,0,Smoke Screen,,,,,,1,,Spell,Origins,3,3,0,Common,,,,,,,,,,,,,,,,,,,,,,,,,,,,,,,,,,,,,,,,,,,,,,,,,,
ogn-094,1,Sprite Call,,,,,,,,Spell,Origins,3,2,0,Common,,,,,,,,,,,,,,,,,,,,,,,,,,,,,,,,,,,,,,,,,,,,,,,,,,
ogn-095,2,Stupefy,,,,,,,,Spell,Origins,3,1,0,Common,,,,,,,,,,,,,,,,,,,,,,,,,,,,,,,,,,,,,,,,,,,,,,,,,,
ogn-096,1,Watchful Sentry,,,,,1,,,Unit,Origins,3,2,0,Common,,,,,,,,,,,,,,,,,,,,,,,,,,,,,,,,,,,,,,,,,,,,,,,,,,
ogn-097,0,Blastcone Fae,,,,,2,1,,Unit,Origins,3,3,0,Uncommon,,,,,,,,,,,,,,,,,,,,,,,,,,,,,,,,,,,,,,,,,,,,,,,,,,
ogn-098,0,Energy Conduit,,,,,,,,Gear,Origins,3,3,0,Uncommon,,,,,,,,,,,,,,,,,,,,,,,,,,,,,,,,,,,,,,,,,,,,,,,,,,
ogn-099,1,Garbage Grabber,,,,,,,,Gear,Origins,3,2,0,Uncommon,,,,,,,,,,,,,,,,,,,,,,,,,,,,,,,,,,,,,,,,,,,,,,,,,,
ogn-100,2,Gemcraft Seer,,,,,3,1,,Unit,Origins,3,1,0,Uncommon,,,,,,,,,,,,,,,,,,,,,,,,,,,,,,,,,,,,,,,,,,,,,,,,,,
ogn-101,0,Mushroom Pouch,,,,,,,,Gear,Origins,3,3,0,Uncommon,,,,,,,,,,,,,,,,,,,,,,,,,,,,,,,,,,,,,,,,,,,,,,,,,,
ogn-102,1,Portal Rescue,,,,,,1,,Spell,Origins,3,2,0,Uncommon,,,,,,,,,,,,,,,,,,,,,,,,,,,,,,,,,,,,,,,,,,,,,,,,,,
ogn-103,1,Ravenbloom Student,,,,,2,,,Unit,Origins,3,2,0,Uncommon,,,,,,,,,,,,,,,,,,,,,,,,,,,,,,,,,,,,,,,,,,,,,,,,,,
ogn-104,0,Retreat,,,,,,,,Spell,Origins,3,3,0,Uncommon,,,,,,,,,,,,,,,,,,,,,,,,,,,,,,,,,,,,,,,,,,,,,,,,,,
ogn-105,0,Singularity,,,,,,2,,Spell,Origins,3,3,0,Uncommon,,,,,,,,,,,,,,,,,,,,,,,,,,,,,,,,,,,,,,,,,,,,,,,,,,
ogn-106,1,Sprite Mother,,,,,3,1,,Unit,Origins,3,2,0,Uncommon,,,,,,,,,,,,,,,,,,,,,,,,,,,,,,,,,,,,,,,,,,,,,,,,,,
ogn-107,0,Ava Achiever,,,,,4,,,Unit,Origins,3,3,0,Rare,,,,,,,,,,,,,,,,,,,,,,,,,,,,,,,,,,,,,,,,,,,,,,,,,,
ogn-108,1,Convergent Mutation,,,,,,1,,Spell,Origins,3,2,0,Rare,,,,,,,,,,,,,,,,,,,,,,,,,,,,,,,,,,,,,,,,,,,,,,,,,,
ogn-109,0,"Dr. Mundo, Expert",,,,,6,2,,Unit,Origins,3,3,0,Rare,,,,,,,,,,,,,,,,,,,,,,,,,,,,,,,,,,,,,,,,,,,,,,,,,,
ogn-110,1,"Ekko, Recurrent",,,,,5,1,,Unit,Origins,3,2,0,Rare,,,,,,,,,,,,,,,,,,,,,,,,,,,,,,,,,,,,,,,,,,,,,,,,,,
ogn-111,0,"Heimerdinger, Inventor",,,,,3,1,,Unit,Origins,3,3,0,Rare,,,,,,,,,,,,,,,,,,,,,,,,,,,,,,,,,,,,,,,,,,,,,,,,,,
ogn-112,0,"Kai'Sa, Evolutionary",,,,,6,1,,Unit,Origins,3,3,0,Rare,,,,,,,,,,,,,,,,,,,,,,,,,,,,,,,,,,,,,,,,,,,,,,,,,,
ogn-113,0,"Malzahar, Fanatic",,,,,3,,,Unit,Origins,3,3,0,Rare,,,,,,,,,,,,,,,,,,,,,,,,,,,,,,,,,,,,,,,,,,,,,,,,,,
ogn-114,0,Progress Day,,,,,,1,,Spell,Origins,3,3,0,Rare,,,,,,,,,,,,,,,,,,,,,,,,,,,,,,,,,,,,,,,,,,,,,,,,,,
ogn-115,1,Promising Future,,,,,,1,,Spell,Origins,3,2,0,Rare,,,,,,,,,,,,,,,,,,,,,,,,,,,,,,,,,,,,,,,,,,,,,,,,,,
ogn-116,0,Thousand-Tailed Watcher,,,,,7,1,,Unit,Origins,3,3,0,Rare,,,,,,,,,,,,,,,,,,,,,,,,,,,,,,,,,,,,,,,,,,,,,,,,,,
ogn-117,2,"Viktor, Innovator",,,,,3,1,,Unit,Origins,3,1,0,Rare,,,,,,,,,,,,,,,,,,,,,,,,,,,,,,,,,,,,,,,,,,,,,,,,,,
ogn-118,0,Wraith of Echoes,,,,,5,1,,Unit,Origins,3,3,0,Rare,,,,,,,,,,,,,,,,,,,,,,,,,,,,,,,,,,,,,,,,,,,,,,,,,,
ogn-119,0,"Ahri, Inquisitive",,,,,3,1,,Unit,Origins,3,3,0,Epic,,,,,,,,,,,,,,,,,,,,,,,,,,,,,,,,,,,,,,,,,,,,,,,,,,
ogn-120,0,Seal of Insight,,,,,,1,,Gear,Origins,3,3,0,Epic,,,,,,,,,,,,,,,,,,,,,,,,,,,,,,,,,,,,,,,,,,,,,,,,,,
ogn-121,1,"Teemo, Strategist",,,,,2,1,,Unit,Origins,3,2,0,Epic,,,,,,,,,,,,,,,,,,,,,,,,,,,,,,,,,,,,,,,,,,,,,,,,,,
ogn-122,0,Time Warp,,,,,,4,,Spell,Origins,3,3,0,Epic,,,,,,,,,,,,,,,,,,,,,,,,,,,,,,,,,,,,,,,,,,,,,,,,,,
ogn-123,0,Unchecked Power,,,,,,2,,Spell,Origins,3,3,0,Epic,,,,,,,,,,,,,,,,,,,,,,,,,,,,,,,,,,,,,,,,,,,,,,,,,,
ogn-124,2,Arena Bar,,,,,,,,Gear,Origins,3,1,0,Common,,,,,,,,,,,,,,,,,,,,,,,,,,,,,,,,,,,,,,,,,,,,,,,,,,
ogn-125,1,Bilgewater Bully,,,,,6,,,Unit,Origins,3,2,0,Common,,,,,,,,,,,,,,,,,,,,,,,,,,,,,,,,,,,,,,,,,,,,,,,,,,
ogn-126,12,Body Rune,,,,,,,,Rune,Origins,3,0,9,Common,,,,,,,,,,,,,,,,,,,,,,,,,,,,,,,,,,,,,,,,,,,,,,,,,,
ogn-127,4,Cannon Barrage,,,,,,1,,Spell,Origins,3,0,1,Common,,,,,,,,,,,,,,,,,,,,,,,,,,,,,,,,,,,,,,,,,,,,,,,,,,
ogn-128,1,Challenge,,,,,,1,,Spell,Origins,3,2,0,Common,,,,,,,,,,,,,,,,,,,,,,,,,,,,,,,,,,,,,,,,,,,,,,,,,,
ogn-129,6,Confront,,,,,,,,Spell,Origins,3,0,3,Common,,,,,,,,,,,,,,,,,,,,,,,,,,,,,,,,,,,,,,,,,,,,,,,,,,
ogn-130,5,Crackshot Corsair,,,,,3,,,Unit,Origins,3,0,2,Common,,,,,,,,,,,,,,,,,,,,,,,,,,,,,,,,,,,,,,,,,,,,,,,,,,
ogn-131,2,Dune Drake,,,,,5,,,Unit,Origins,3,1,0,Common,,,,,,,,,,,,,,,,,,,,,,,,,,,,,,,,,,,,,,,,,,,,,,,,,,
ogn-132,5,First Mate,,,,,3,,,Unit,Origins,3,0,2,Common,,,,,,,,,,,,,,,,,,,,,,,,,,,,,,,,,,,,,,,,,,,,,,,,,,
ogn-133,2,Flurry of Blades,,,,,,,,Spell,Origins,3,1,0,Common,,,,,,,,,,,,,,,,,,,,,,,,,,,,,,,,,,,,,,,,,,,,,,,,,,
ogn-134,6,Mobilize,,,,,,,,Spell,Origins,3,0,3,Common,,,,,,,,,,,,,,,,,,,,,,,,,,,,,,,,,,,,,,,,,,,,,,,,,,
ogn-135,0,Pakaa Cub,,,,,3,,,Unit,Origins,3,3,0,Common,,,,,,,,,,,,,,,,,,,,,,,,,,,,,,,,,,,,,,,,,,,,,,,,,,
ogn-136,1,Pit Rookie,,,,,2,,,Unit,Origins,3,2,0,Common,,,,,,,,,,,,,,,,,,,,,,,,,,,,,,,,,,,,,,,,,,,,,,,,,,
ogn-137,4,Stormclaw Ursine,,,,,6,,,Unit,Origins,3,0,1,Common,,,,,,,,,,,,,,,,,,,,,,,,,,,,,,,,,,,,,,,,,,,,,,,,,,
ogn-138,2,Catalyst of Aeons,,,,,,,,Spell,Origins,3,1,0,Uncommon,,,,,,,,,,,,,,,,,,,,,,,,,,,,,,,,,,,,,,,,,,,,,,,,,,
ogn-139,0,Cithria of Cloudfield,,,,,1,,,Unit,Origins,3,3,0,Uncommon,,,,,,,,,,,,,,,,,,,,,,,,,,,,,,,,,,,,,,,,,,,,,,,,,,
ogn-140,0,Herald of Scales,,,,,3,,,Unit,Origins,3,3,0,Uncommon,,,,,,,,,,,,,,,,,,,,,,,,,,,,,,,,,,,,,,,,,,,,,,,,,,
ogn-141,0,Kinkou Monk,,,,,4,1,,Unit,Origins,3,3,0,Uncommon,,,,,,,,,,,,,,,,,,,,,,,,,,,,,,,,,,,,,,,,,,,,,,,,,,
ogn-142,3,Mountain Drake,,,,,10,,,Unit,Origins,3,0,0,Uncommon,,,,,,,,,,,,,,,,,,,,,,,,,,,,,,,,,,,,,,,,,,,,,,,,,,
ogn-143,0,Pirate's Haven,,,,,,,,Gear,Origins,3,3,0,Uncommon,,,,,,,,,,,,,,,,,,,,,,,,,,,,,,,,,,,,,,,,,,,,,,,,,,
ogn-144,0,Spoils of War,,,,,,1,,Spell,Origins,3,3,0,Uncommon,,,,,,,,,,,,,,,,,,,,,,,,,,,,,,,,,,,,,,,,,,,,,,,,,,
ogn-145,0,Unyielding Spirit,,,,,,1,,Spell,Origins,3,3,0,Uncommon,,,,,,,,,,,,,,,,,,,,,,,,,,,,,,,,,,,,,,,,,,,,,,,,,,
ogn-146,0,Wallop,,,,,,,,Spell,Origins,3,3,0,Uncommon,,,,,,,,,,,,,,,,,,,,,,,,,,,,,,,,,,,,,,,,,,,,,,,,,,
ogn-147,1,Wildclaw Shaman,,,,,3,,,Unit,Origins,3,2,0,Uncommon,,,,,,,,,,,,,,,,,,,,,,,,,,,,,,,,,,,,,,,,,,,,,,,,,,
ogn-148,0,"Anivia, Primal",,,,,8,2,,Unit,Origins,3,3,0,Rare,,,,,,,,,,,,,,,,,,,,,,,,,,,,,,,,,,,,,,,,,,,,,,,,,,
ogn-149,0,Carnivorous Snapvine,,,,,6,2,,Unit,Origins,3,3,0,Rare,,,,,,,,,,,,,,,,,,,,,,,,,,,,,,,,,,,,,,,,,,,,,,,,,,
ogn-150,0,Kraken Hunter,,,,,5,2,,Unit,Origins,3,3,0,Rare,,,,,,,,,,,,,,,,,,,,,,,,,,,,,,,,,,,,,,,,,,,,,,,,,,
ogn-151,1,"Lee Sin, Centered",,,,,6,,,Unit,Origins,3,2,0,Rare,,,,,,,,,,,,,,,,,,,,,,,,,,,,,,,,,,,,,,,,,,,,,,,,,,
ogn-152,1,Mistfall,,,,,,,,Gear,Origins,3,2,0,Rare,,,,,,,,,,,,,,,,,,,,,,,,,,,,,,,,,,,,,,,,,,,,,,,,,,
ogn-153,1,Overt Operation,,,,,,2,,Spell,Origins,3,2,0,Rare,,,,,,,,,,,,,,,,,,,,,,,,,,,,,,,,,,,,,,,,,,,,,,,,,,
ogn-154,0,Primal Strength,,,,,,1,,Spell,Origins,3,3,0,Rare,,,,,,,,,,,,,,,,,,,,,,,,,,,,,,,,,,,,,,,,,,,,,,,,,,
ogn-155,0,"Qiyana, Victorious",,,,,4,1,,Unit,Origins,3,3,0,Rare,,,,,,,,,,,,,,,,,,,,,,,,,,,,,,,,,,,,,,,,,,,,,,,,,,
ogn-156,1,Sabotage,,,,,,1,,Spell,Origins,3,2,0,Rare,,,,,,,,,,,,,,,,,,,,,,,,,,,,,,,,,,,,,,,,,,,,,,,,,,
ogn-157,0,"Udyr, Wildman",,,,,6,1,,Unit,Origins,3,3,0,Rare,,,,,,,,,,,,,,,,,,,,,,,,,,,,,,,,,,,,,,,,,,,,,,,,,,
ogn-158,1,"Volibear, Imposing",,,,,10,2,,Unit,Origins,3,2,0,Rare,,,,,,,,,,,,,,,,,,,,,,,,,,,,,,,,,,,,,,,,,,,,,,,,,,
ogn-159,0,"Warwick, Hunter",,,,,5,1,,Unit,Origins,3,3,0,Rare,,,,,,,,,,,,,,,,,,,,,,,,,,,,,,,,,,,,,,,,,,,,,,,,,,
ogn-160,0,Dazzling Aurora,,,,,,2,,Gear,Origins,3,3,0,Epic,,,,,,,,,,,,,,,,,,,,,,,,,,,,,,,,,,,,,,,,,,,,,,,,,,
ogn-161,1,Deadbloom Predator,,,,,8,2,,Unit,Origins,3,2,0,Epic,,,,,,,,,,,,,,,,,,,,,,,,,,,,,,,,,,,,,,,,,,,,,,,,,,
ogn-162,0,"Miss Fortune, Captain",,,,,5,1,,Unit,Origins,3,3,0,Epic,,,,,,,,,,,,,,,,,,,,,,,,,,,,,,,,,,,,,,,,,,,,,,,,,,
ogn-163,1,Seal of Strength,,,,,,1,,Gear,Origins,3,2,0,Epic,,,,,,,,,,,,,,,,,,,,,,,,,,,,,,,,,,,,,,,,,,,,,,,,,,
ogn-164,0,"Sett, Brawler",,,,,4,1,,Unit,Origins,3,3,0,Epic,,,,,,,,,,,,,,,,,,,,,,,,,,,,,,,,,,,,,,,,,,,,,,,,,,
ogn-165,3,Cemetery Attendant,,,,,3,1,,Unit,Origins,3,0,0,Common,,,,,,,,,,,,,,,,,,,,,,,,,,,,,,,,,,,,,,,,,,,,,,,,,,
ogn-166,7,Chaos Rune,,,,,,,,Rune,Origins,3,0,4,Common,,,,,,,,,,,,,,,,,,,,,,,,,,,,,,,,,,,,,,,,,,,,,,,,,,
ogn-167,1,Ember Monk,,,,,4,,,Unit,Origins,3,2,0,Common,,,,,,,,,,,,,,,,,,,,,,,,,,,,,,,,,,,,,,,,,,,,,,,,,,
ogn-168,3,Fight or Flight,,,,,,,,Spell,Origins,3,0,0,Common,,,,,,,,,,,,,,,,,,,,,,,,,,,,,,,,,,,,,,,,,,,,,,,,,,
ogn-169,4,Gust,,,,,,,,Spell,Origins,3,0,1,Common,,,,,,,,,,,,,,,,,,,,,,,,,,,,,,,,,,,,,,,,,,,,,,,,,,
ogn-170,2,Morbid Return,,,,,,,,Spell,Origins,3,1,0,Common,,,,,,,,,,,,,,,,,,,,,,,,,,,,,,,,,,,,,,,,,,,,,,,,,,
ogn-171,1,Mystic Poro,,,,,2,,,Unit,Origins,3,2,0,Common,,,,,,,,,,,,,,,,,,,,,,,,,,,,,,,,,,,,,,,,,,,,,,,,,,
ogn-172,1,Rebuke,,,,,,2,,Spell,Origins,3,2,0,Common,,,,,,,,,,,,,,,,,,,,,,,,,,,,,,,,,,,,,,,,,,,,,,,,,,
ogn-173,2,Ride the Wind,,,,,,1,,Spell,Origins,3,1,0,Common,,,,,,,,,,,,,,,,,,,,,,,,,,,,,,,,,,,,,,,,,,,,,,,,,,
ogn-174,1,Sai Scout,,,,,5,,,Unit,Origins,3,2,0,Common,,,,,,,,,,,,,,,,,,,,,,,,,,,,,,,,,,,,,,,,,,,,,,,,,,
ogn-175,1,Shipyard Skulker,,,,,3,,,Unit,Origins,3,2,0,Common,,,,,,,,,,,,,,,,,,,,,,,,,,,,,,,,,,,,,,,,,,,,,,,,,,
ogn-176,1,Sneaky Deckhand,,,,,2,,,Unit,Origins,3,2,0,Common,,,,,,,,,,,,,,,,,,,,,,,,,,,,,,,,,,,,,,,,,,,,,,,,,,
ogn-177,2,Stealthy Pursuer,,,,,4,1,,Unit,Origins,3,1,0,Common,,,,,,,,,,,,,,,,,,,,,,,,,,,,,,,,,,,,,,,,,,,,,,,,,,
ogn-178,3,Undercover Agent,,,,,5,1,,Unit,Origins,3,0,0,Common,,,,,,,,,,,,,,,,,,,,,,,,,,,,,,,,,,,,,,,,,,,,,,,,,,
ogn-179,0,Acceptable Losses,,,,,,,,Spell,Origins,3,3,0,Uncommon,,,,,,,,,,,,,,,,,,,,,,,,,,,,,,,,,,,,,,,,,,,,,,,,,,
ogn-180,2,Fading Memories,,,,,,1,,Spell,Origins,3,1,0,Uncommon,,,,,,,,,,,,,,,,,,,,,,,,,,,,,,,,,,,,,,,,,,,,,,,,,,
ogn-181,0,Pack of Wonders,,,,,,,,Gear,Origins,3,3,0,Uncommon,,,,,,,,,,,,,,,,,,,,,,,,,,,,,,,,,,,,,,,,,,,,,,,,,,
ogn-182,3,Scrapheap,,,,,,,,Gear,Origins,3,0,0,Uncommon,,,,,,,,,,,,,,,,,,,,,,,,,,,,,,,,,,,,,,,,,,,,,,,,,,
ogn-183,1,Stacked Deck,,,,,,,,Spell,Origins,3,2,0,Uncommon,,,,,,,,,,,,,,,,,,,,,,,,,,,,,,,,,,,,,,,,,,,,,,,,,,
ogn-184,2,The Syren,,,,,,,,Gear,Origins,3,1,0,Uncommon,,,,,,,,,,,,,,,,,,,,,,,,,,,,,,,,,,,,,,,,,,,,,,,,,,
ogn-185,3,Traveling Merchant,,,,,2,,,Unit,Origins,3,0,0,Uncommon,,,,,,,,,,,,,,,,,,,,,,,,,,,,,,,,,,,,,,,,,,,,,,,,,,
ogn-186,0,Treasure Trove,,,,,,,,Gear,Origins,3,3,0,Uncommon,,,,,,,,,,,,,,,,,,,,,,,,,,,,,,,,,,,,,,,,,,,,,,,,,,
ogn-187,0,Whirlwind,,,,,,1,,Spell,Origins,3,3,0,Uncommon,,,,,,,,,,,,,,,,,,,,,,,,,,,,,,,,,,,,,,,,,,,,,,,,,,
ogn-188,1,Zaunite Bouncer,,,,,2,2,,Unit,Origins,3,2,0,Uncommon,,,,,,,,,,,,,,,,,,,,,,,,,,,,,,,,,,,,,,,,,,,,,,,,,,
ogn-189,0,"Kayn, Unleashed",,,,,6,1,,Unit,Origins,3,3,0,Rare,,,,,,,,,,,,,,,,,,,,,,,,,,,,,,,,,,,,,,,,,,,,,,,,,,
ogn-190,0,"Kog'Maw, Caustic",,,,,1,1,,Unit,Origins,3,3,0,Rare,,,,,,,,,,,,,,,,,,,,,,,,,,,,,,,,,,,,,,,,,,,,,,,,,,
ogn-191,0,Maddened Marauder,,,,,4,,,Unit,Origins,3,3,0,Rare,,,,,,,,,,,,,,,,,,,,,,,,,,,,,,,,,,,,,,,,,,,,,,,,,,
ogn-192,1,Mindsplitter,,,,,7,2,,Unit,Origins,3,2,0,Rare,,,,,,,,,,,,,,,,,,,,,,,,,,,,,,,,,,,,,,,,,,,,,,,,,,
ogn-193,1,"Miss Fortune, Buccaneer",,,,,4,1,,Unit,Origins,3,2,0,Rare,,,,,,,,,,,,,,,,,,,,,,,,,,,,,,,,,,,,,,,,,,,,,,,,,,
ogn-194,1,"Nocturne, Horrifying",,,,,4,1,,Unit,Origins,3,2,0,Rare,,,,,,,,,,,,,,,,,,,,,,,,,,,,,,,,,,,,,,,,,,,,,,,,,,
ogn-195,1,Rhasa the Sunderer,,,,,6,1,,Unit,Origins,3,2,0,Rare,,,,,,,,,,,,,,,,,,,,,,,,,,,,,,,,,,,,,,,,,,,,,,,,,,
ogn-196,0,Soulgorger,,,,,5,2,,Unit,Origins,3,3,0,Rare,,,,,,,,,,,,,,,,,,,,,,,,,,,,,,,,,,,,,,,,,,,,,,,,,,
ogn-197,1,"Teemo, Scout",,,,,1,,,Unit,Origins,3,2,0,Rare,,,,,,,,,,,,,,,,,,,,,,,,,,,,,,,,,,,,,,,,,,,,,,,,,,
ogn-198,0,The Harrowing,,,,,,2,,Spell,Origins,3,3,0,Rare,,,,,,,,,,,,,,,,,,,,,,,,,,,,,,,,,,,,,,,,,,,,,,,,,,
ogn-199,1,Tideturner,,,,,2,,,Unit,Origins,3,2,0,Rare,,,,,,,,,,,,,,,,,,,,,,,,,,,,,,,,,,,,,,,,,,,,,,,,,,
ogn-200,0,"Twisted Fate, Gambler",,,,,4,,,Unit,Origins,3,3,0,Rare,,,,,,,,,,,,,,,,,,,,,,,,,,,,,,,,,,,,,,,,,,,,,,,,,,
ogn-201,0,Invert Timelines,,,,,,1,,Spell,Origins,3,3,0,Epic,,,,,,,,,,,,,,,,,,,,,,,,,,,,,,,,,,,,,,,,,,,,,,,,,,
ogn-202,0,"Jinx, Rebel",,,,,5,1,,Unit,Origins,3,3,0,Epic,,,,,,,,,,,,,,,,,,,,,,,,,,,,,,,,,,,,,,,,,,,,,,,,,,
ogn-203,0,Possession,,,,,,3,,Spell,Origins,3,3,0,Epic,,,,,,,,,,,,,,,,,,,,,,,,,,,,,,,,,,,,,,,,,,,,,,,,,,
ogn-204,0,Seal of Discord,,,,,,1,,Gear,Origins,3,3,0,Epic,,,,,,,,,,,,,,,,,,,,,,,,,,,,,,,,,,,,,,,,,,,,,,,,,,
ogn-205,0,"Yasuo, Windrider",,,,,4,1,,Unit,Origins,3,3,0,Epic,,,,,,,,,,,,,,,,,,,,,,,,,,,,,,,,,,,,,,,,,,,,,,,,,,
ogn-206,5,Back to Back,,,,,,,,Spell,Origins,3,0,2,Common,,,,,,,,,,,,,,,,,,,,,,,,,,,,,,,,,,,,,,,,,,,,,,,,,,
ogn-207,1,Call to Glory,,,,,,,,Spell,Origins,3,2,0,Common,,,,,,,,,,,,,,,,,,,,,,,,,,,,,,,,,,,,,,,,,,,,,,,,,,
ogn-208,1,Cruel Patron,,,,,6,,,Unit,Origins,3,2,0,Common,,,,,,,,,,,,,,,,,,,,,,,,,,,,,,,,,,,,,,,,,,,,,,,,,,
ogn-209,1,Cull the Weak,,,,,,1,,Spell,Origins,3,2,0,Common,,,,,,,,,,,,,,,,,,,,,,,,,,,,,,,,,,,,,,,,,,,,,,,,,,
ogn-210,6,Daring Poro,,,,,2,,,Unit,Origins,3,0,3,Common,,,,,,,,,,,,,,,,,,,,,,,,,,,,,,,,,,,,,,,,,,,,,,,,,,
ogn-211,4,Faithful Manufactor,,,,,2,,,Unit,Origins,3,0,1,Common,,,,,,,,,,,,,,,,,,,,,,,,,,,,,,,,,,,,,,,,,,,,,,,,,,
ogn-212,0,Forge of the Future,,,,,,,,Gear,Origins,3,3,0,Common,,,,,,,,,,,,,,,,,,,,,,,,,,,,,,,,,,,,,,,,,,,,,,,,,,
ogn-213,2,Hidden Blade,,,,,,1,,Spell,Origins,3,1,0,Common,,,,,,,,,,,,,,,,,,,,,,,,,,,,,,,,,,,,,,,,,,,,,,,,,,
ogn-214,7,Order Rune,,,,,,,,Rune,Origins,3,0,4,Common,,,,,,,,,,,,,,,,,,,,,,,,,,,,,,,,,,,,,,,,,,,,,,,,,,
ogn-215,4,Petty Officer,,,,,5,,,Unit,Origins,3,0,1,Common,,,,,,,,,,,,,,,,,,,,,,,,,,,,,,,,,,,,,,,,,,,,,,,,,,
ogn-216,1,Soaring Scout,,,,,1,,,Unit,Origins,3,2,0,Common,,,,,,,,,,,,,,,,,,,,,,,,,,,,,,,,,,,,,,,,,,,,,,,,,,
ogn-217,1,Trifarian Gloryseeker,,,,,2,,,Unit,Origins,3,2,0,Common,,,,,,,,,,,,,,,,,,,,,,,,,,,,,,,,,,,,,,,,,,,,,,,,,,
ogn-218,1,Vanguard Captain,,,,,3,1,,Unit,Origins,3,2,0,Common,,,,,,,,,,,,,,,,,,,,,,,,,,,,,,,,,,,,,,,,,,,,,,,,,,
ogn-219,4,Vanguard Sergeant,,,,,4,,,Unit,Origins,3,0,1,Common,,,,,,,,,,,,,,,,,,,,,,,,,,,,,,,,,,,,,,,,,,,,,,,,,,
ogn-220,2,Facebreaker,,,,,,,,Spell,Origins,3,1,0,Uncommon,,,,,,,,,,,,,,,,,,,,,,,,,,,,,,,,,,,,,,,,,,,,,,,,,,
ogn-221,0,Imperial Decree,,,,,,2,,Spell,Origins,3,3,0,Uncommon,,,,,,,,,,,,,,,,,,,,,,,,,,,,,,,,,,,,,,,,,,,,,,,,,,
ogn-222,4,Noxian Drummer,,,,,3,,,Unit,Origins,3,0,1,Uncommon,,,,,,,,,,,,,,,,,,,,,,,,,,,,,,,,,,,,,,,,,,,,,,,,,,
ogn-223,1,Peak Guardian,,,,,5,1,,Unit,Origins,3,2,0,Uncommon,,,,,,,,,,,,,,,,,,,,,,,,,,,,,,,,,,,,,,,,,,,,,,,,,,
ogn-224,0,Salvage,,,,,,1,,Spell,Origins,3,3,0,Uncommon,,,,,,,,,,,,,,,,,,,,,,,,,,,,,,,,,,,,,,,,,,,,,,,,,,
ogn-225,1,Solari Chief,,,,,4,1,,Unit,Origins,3,2,0,Uncommon,,,,,,,,,,,,,,,,,,,,,,,,,,,,,,,,,,,,,,,,,,,,,,,,,,
ogn-226,0,Spectral Matron,,,,,4,2,,Unit,Origins,3,3,0,Uncommon,,,,,,,,,,,,,,,,,,,,,,,,,,,,,,,,,,,,,,,,,,,,,,,,,,
ogn-227,0,Symbol of the Solari,,,,,,,,Gear,Origins,3,3,0,Uncommon,,,,,,,,,,,,,,,,,,,,,,,,,,,,,,,,,,,,,,,,,,,,,,,,,,
ogn-228,0,Vanguard Helm,,,,,,,,Gear,Origins,3,3,0,Uncommon,,,,,,,,,,,,,,,,,,,,,,,,,,,,,,,,,,,,,,,,,,,,,,,,,,
ogn-229,0,Vengeance,,,,,,2,,Spell,Origins,3,3,0,Uncommon,,,,,,,,,,,,,,,,,,,,,,,,,,,,,,,,,,,,,,,,,,,,,,,,,,
ogn-230,0,Albus Ferros,,,,,3,,,Unit,Origins,3,3,0,Rare,,,,,,,,,,,,,,,,,,,,,,,,,,,,,,,,,,,,,,,,,,,,,,,,,,
ogn-231,0,Commander Ledros,,,,,8,4,,Unit,Origins,3,3,0,Rare,,,,,,,,,,,,,,,,,,,,,,,,,,,,,,,,,,,,,,,,,,,,,,,,,,
ogn-232,0,"Fiora, Victorious",,,,,4,,,Unit,Origins,3,3,0,Rare,,,,,,,,,,,,,,,,,,,,,,,,,,,,,,,,,,,,,,,,,,,,,,,,,,
ogn-233,1,Grand Strategem,,,,,,3,,Spell,Origins,3,2,0,Rare,,,,,,,,,,,,,,,,,,,,,,,,,,,,,,,,,,,,,,,,,,,,,,,,,,
ogn-234,0,Harnessed Dragon,,,,,6,2,,Unit,Origins,3,3,0,Rare,,,,,,,,,,,,,,,,,,,,,,,,,,,,,,,,,,,,,,,,,,,,,,,,,,
ogn-235,0,"Karma, Channeler",,,,,6,1,,Unit,Origins,3,3,0,Rare,,,,,,,,,,,,,,,,,,,,,,,,,,,,,,,,,,,,,,,,,,,,,,,,,,
ogn-236,1,"Karthus, Eternal",,,,,3,1,,Unit,Origins,3,2,0,Rare,,,,,,,,,,,,,,,,,,,,,,,,,,,,,,,,,,,,,,,,,,,,,,,,,,
ogn-237,0,King's Edict,,,,,,2,,Spell,Origins,3,3,0,Rare,,,,,,,,,,,,,,,,,,,,,,,,,,,,,,,,,,,,,,,,,,,,,,,,,,
ogn-238,0,"Leona, Determined",,,,,4,1,,Unit,Origins,3,3,0,Rare,,,,,,,,,,,,,,,,,,,,,,,,,,,,,,,,,,,,,,,,,,,,,,,,,,
ogn-239,0,Machine Evangel,,,,,4,1,,Unit,Origins,3,3,0,Rare,,,,,,,,,,,,,,,,,,,,,,,,,,,,,,,,,,,,,,,,,,,,,,,,,,
ogn-240,1,"Sett, Kingpin",,,,,5,1,,Unit,Origins,3,2,0,Rare,,,,,,,,,,,,,,,,,,,,,,,,,,,,,,,,,,,,,,,,,,,,,,,,,,
ogn-241,0,"Shen, Kinkou",,,,,3,1,,Unit,Origins,3,3,0,Rare,,,,,,,,,,,,,,,,,,,,,,,,,,,,,,,,,,,,,,,,,,,,,,,,,,
ogn-242,0,Baited Hook,,,,,,,,Gear,Origins,3,3,0,Epic,,,,,,,,,,,,,,,,,,,,,,,,,,,,,,,,,,,,,,,,,,,,,,,,,,
ogn-243,0,"Darius, Executioner",,,,,6,1,,Unit,Origins,3,3,0,Epic,,,,,,,,,,,,,,,,,,,,,,,,,,,,,,,,,,,,,,,,,,,,,,,,,,
ogn-244,0,Divine Judgment,,,,,,2,,Spell,Origins,3,3,0,Epic,,,,,,,,,,,,,,,,,,,,,,,,,,,,,,,,,,,,,,,,,,,,,,,,,,
ogn-245,0,Seal of Unity,,,,,,1,,Gear,Origins,3,3,0,Epic,,,,,,,,,,,,,,,,,,,,,,,,,,,,,,,,,,,,,,,,,,,,,,,,,,
ogn-246,0,"Viktor, Leader",,,,,4,1,,Unit,Origins,3,3,0,Epic,,,,,,,,,,,,,,,,,,,,,,,,,,,,,,,,,,,,,,,,,,,,,,,,,,
ogn-247,0,Daughter of the Void,,,,,,,,Legend,Origins,1,1,0,Rare,,,,,,,,,,,,,,,,,,,,,,,,,,,,,,,,,,,,,,,,,,,,,,,,,,
ogn-248,0,Icathian Rain,,,,,,3,,Spell,Origins,3,3,0,Epic,,,,,,,,,,,,,,,,,,,,,,,,,,,,,,,,,,,,,,,,,,,,,,,,,,
ogn-249,0,Relentless Storm,,,,,,,,Legend,Origins,1,1,0,Rare,,,,,,,,,,,,,,,,,,,,,,,,,,,,,,,,,,,,,,,,,,,,,,,,,,
ogn-250,0,Stormbringer,,,,,,2,,Spell,Origins,3,3,0,Epic,,,,,,,,,,,,,,,,,,,,,,,,,,,,,,,,,,,,,,,,,,,,,,,,,,
ogn-251,1,Loose Cannon,,,,,,,,Legend,Origins,1,0,0,Rare,,,,,,,,,,,,,,,,,,,,,,,,,,,,,,,,,,,,,,,,,,,,,,,,,,
ogn-252,0,Super Mega Death Rocket!,,,,,,1,,Spell,Origins,3,3,0,Epic,,,,,,,,,,,,,,,,,,,,,,,,,,,,,,,,,,,,,,,,,,,,,,,,,,
ogn-253,1,Hand of Noxus,,,,,,,,Legend,Origins,1,0,0,Rare,,,,,,,,,,,,,,,,,,,,,,,,,,,,,,,,,,,,,,,,,,,,,,,,,,
ogn-254,0,Noxian Guillotine,,,,,,1,,Spell,Origins,3,3,0,Epic,,,,,,,,,,,,,,,,,,,,,,,,,,,,,,,,,,,,,,,,,,,,,,,,,,
ogn-255,0,Nine-Tailed Fox,,,,,,,,Legend,Origins,1,1,0,Rare,,,,,,,,,,,,,,,,,,,,,,,,,,,,,,,,,,,,,,,,,,,,,,,,,,
ogn-256,0,Fox-Fire,,,,,,,,Spell,Origins,3,3,0,Epic,,,,,,,,,,,,,,,,,,,,,,,,,,,,,,,,,,,,,,,,,,,,,,,,,,
ogn-257,1,Blind Monk,,,,,,,,Legend,Origins,1,0,0,Rare,,,,,,,,,,,,,,,,,,,,,,,,,,,,,,,,,,,,,,,,,,,,,,,,,,
ogn-258,0,Dragon's Rage,,,,,,1,,Spell,Origins,3,3,0,Epic,,,,,,,,,,,,,,,,,,,,,,,,,,,,,,,,,,,,,,,,,,,,,,,,,,
ogn-259,0,Unforgiven,,,,,,,,Legend,Origins,1,1,0,Rare,,,,,,,,,,,,,,,,,,,,,,,,,,,,,,,,,,,,,,,,,,,,,,,,,,
ogn-260,0,Last Breath,,,,,,2,,Spell,Origins,3,3,0,Epic,,,,,,,,,,,,,,,,,,,,,,,,,,,,,,,,,,,,,,,,,,,,,,,,,,
ogn-261,0,Radiant Dawn,,,,,,,,Legend,Origins,1,1,0,Rare,,,,,,,,,,,,,,,,,,,,,,,,,,,,,,,,,,,,,,,,,,,,,,,,,,
ogn-262,0,Zenith Blade,,,,,,2,,Spell,Origins,3,3,0,Epic,,,,,,,,,,,,,,,,,,,,,,,,,,,,,,,,,,,,,,,,,,,,,,,,,,
ogn-263,1,Swift Scout,,,,,,,,Legend,Origins,1,0,0,Rare,,,,,,,,,,,,,,,,,,,,,,,,,,,,,,,,,,,,,,,,,,,,,,,,,,
ogn-264,0,Guerilla Warfare,,,,,,1,,Spell,Origins,3,3,0,Epic,,,,,,,,,,,,,,,,,,,,,,,,,,,,,,,,,,,,,,,,,,,,,,,,,,
ogn-265,0,Herald of the Arcane,,,,,,,,Legend,Origins,1,1,0,Rare,,,,,,,,,,,,,,,,,,,,,,,,,,,,,,,,,,,,,,,,,,,,,,,,,,
ogn-266,0,Siphon Power,,,,,,1,,Spell,Origins,3,3,0,Epic,,,,,,,,,,,,,,,,,,,,,,,,,,,,,,,,,,,,,,,,,,,,,,,,,,
ogn-267,1,Bounty Hunter,,,,,,,,Legend,Origins,1,0,0,Rare,,,,,,,,,,,,,,,,,,,,,,,,,,,,,,,,,,,,,,,,,,,,,,,,,,
ogn-268,0,Bullet Time,,,,,,,,Spell,Origins,3,3,0,Epic,,,,,,,,,,,,,,,,,,,,,,,,,,,,,,,,,,,,,,,,,,,,,,,,,,
ogn-269,0,The Boss,,,,,,,,Legend,Origins,1,1,0,Rare,,,,,,,,,,,,,,,,,,,,,,,,,,,,,,,,,,,,,,,,,,,,,,,,,,
ogn-270,0,Showstopper,,,,,,1,,Spell,Origins,3,3,0,Epic,,,,,,,,,,,,,,,,,,,,,,,,,,,,,,,,,,,,,,,,,,,,,,,,,,
ogn-271,8,Recruit (DE),,,any,,1,,,Unit,Origins,3,0,5,Common,,,,,,,,,,,,,,,,,,,,,,,,,,,,,,,,,,,,,,,,,,,,,,,,,,
ogn-272,2,Recruit (NX),,,any,,1,,,Unit,Origins,3,1,0,Common,,,,,,,,,,,,,,,,,,,,,,,,,,,,,,,,,,,,,,,,,,,,,,,,,,
ogn-273,2,Recruit (ZN),,,any,,1,,,Unit,Origins,3,1,0,Common,,,,,,,,,,,,,,,,,,,,,,,,,,,,,,,,,,,,,,,,,,,,,,,,,,
ogn-274,2,Sprite,,,any,,3,,,Unit,Origins,3,1,0,Common,,,,,,,,,,,,,,,,,,,,,,,,,,,,,,,,,,,,,,,,,,,,,,,,,,
ogn-275,1,Altar to Unity,,,any,,,,,Battlefield,Origins,1,0,0,Uncommon,,,,,,,,,,,,,,,,,,,,,,,,,,,,,,,,,,,,,,,,,,,,,,,,,,
ogn-276,0,Aspirant's Climb,,,any,,,,,Battlefield,Origins,1,1,0,Uncommon,,,,,,,,,,,,,,,,,,,,,,,,,,,,,,,,,,,,,,,,,,,,,,,,,,
ogn-277,0,Back-Alley Bar,,,any,,,,,Battlefield,Origins,1,1,0,Uncommon,,,,,,,,,,,,,,,,,,,,,,,,,,,,,,,,,,,,,,,,,,,,,,,,,,
ogn-278,0,Bandle Tree,,,any,,,,,Battlefield,Origins,1,1,0,Uncommon,,,,,,,,,,,,,,,,,,,,,,,,,,,,,,,,,,,,,,,,,,,,,,,,,,
ogn-279,1,Fortified Position,,,any,,,,,Battlefield,Origins,1,0,0,Uncommon,,,,,,,,,,,,,,,,,,,,,,,,,,,,,,,,,,,,,,,,,,,,,,,,,,
ogn-280,0,Grove of the God-Willow,,,any,,,,,Battlefield,Origins,1,1,0,Uncommon,,,,,,,,,,,,,,,,,,,,,,,,,,,,,,,,,,,,,,,,,,,,,,,,,,
ogn-281,1,Hallowed Tomb,,,any,,,,,Battlefield,Origins,1,0,0,Uncommon,,,,,,,,,,,,,,,,,,,,,,,,,,,,,,,,,,,,,,,,,,,,,,,,,,
ogn-282,1,Monastery of Hirana,,,any,,,,,Battlefield,Origins,1,0,0,Uncommon,,,,,,,,,,,,,,,,,,,,,,,,,,,,,,,,,,,,,,,,,,,,,,,,,,
ogn-283,0,Navori Fighting Pit,,,any,,,,,Battlefield,Origins,1,1,0,Uncommon,,,,,,,,,,,,,,,,,,,,,,,,,,,,,,,,,,,,,,,,,,,,,,,,,,
ogn-284,0,Obelisk of Power,,,any,,,,,Battlefield,Origins,1,1,0,Uncommon,,,,,,,,,,,,,,,,,,,,,,,,,,,,,,,,,,,,,,,,,,,,,,,,,,
ogn-285,2,Reaver's Row,,,any,,,,,Battlefield,Origins,1,0,1,Uncommon,,,,,,,,,,,,,,,,,,,,,,,,,,,,,,,,,,,,,,,,,,,,,,,,,,
ogn-286,1,Reckoner's Arena,,,any,,,,,Battlefield,Origins,1,0,0,Uncommon,,,,,,,,,,,,,,,,,,,,,,,,,,,,,,,,,,,,,,,,,,,,,,,,,,
ogn-287,0,Sigil of the Storm,,,any,,,,,Battlefield,Origins,1,1,0,Uncommon,,,,,,,,,,,,,,,,,,,,,,,,,,,,,,,,,,,,,,,,,,,,,,,,,,
ogn-288,1,Startipped Peak,,,any,,,,,Battlefield,Origins,1,0,0,Uncommon,,,,,,,,,,,,,,,,,,,,,,,,,,,,,,,,,,,,,,,,,,,,,,,,,,
ogn-289,1,Targon's Peak,,,any,,,,,Battlefield,Origins,1,0,0,Uncommon,,,,,,,,,,,,,,,,,,,,,,,,,,,,,,,,,,,,,,,,,,,,,,,,,,
ogn-290,0,The Arena's Greatest,,,any,,,,,Battlefield,Origins,1,1,0,Uncommon,,,,,,,,,,,,,,,,,,,,,,,,,,,,,,,,,,,,,,,,,,,,,,,,,,
ogn-291,1,The Candlelit Sanctum,,,any,,,,,Battlefield,Origins,1,0,0,Uncommon,,,,,,,,,,,,,,,,,,,,,,,,,,,,,,,,,,,,,,,,,,,,,,,,,,
ogn-292,1,The Dreaming Tree,,,any,,,,,Battlefield,Origins,1,0,0,Uncommon,,,,,,,,,,,,,,,,,,,,,,,,,,,,,,,,,,,,,,,,,,,,,,,,,,
ogn-293,1,The Grand Plaza,,,any,,,,,Battlefield,Origins,1,0,0,Uncommon,,,,,,,,,,,,,,,,,,,,,,,,,,,,,,,,,,,,,,,,,,,,,,,,,,
ogn-294,1,Trifarian War Camp,,,any,,,,,Battlefield,Origins,1,0,0,Uncommon,,,,,,,,,,,,,,,,,,,,,,,,,,,,,,,,,,,,,,,,,,,,,,,,,,
ogn-295,1,Vilemaw's Lair,,,any,,,,,Battlefield,Origins,1,0,0,Uncommon,,,,,,,,,,,,,,,,,,,,,,,,,,,,,,,,,,,,,,,,,,,,,,,,,,
ogn-296,0,Void Gate,,,any,,,,,Battlefield,Origins,1,1,0,Uncommon,,,,,,,,,,,,,,,,,,,,,,,,,,,,,,,,,,,,,,,,,,,,,,,,,,
ogn-297,0,Windswept Hillock,,,any,,,,,Battlefield,Origins,1,1,0,Uncommon,,,,,,,,,,,,,,,,,,,,,,,,,,,,,,,,,,,,,,,,,,,,,,,,,,
ogn-298,1,Zaun Warrens,,,any,,,,,Battlefield,Origins,1,0,0,Uncommon,,,,,,,,,,,,,,,,,,,,,,,,,,,,,,,,,,,,,,,,,,,,,,,,,,
ogn-299,0,Daughter of the Void,,,,,,,,Legend,Origins,1,1,0,Showcase,,,,,,,,,,,,,,,,,,,,,,,,,,,,,,,,,,,,,,,,,,,,,,,,,,
ogn-300,0,Relentless Storm,,,,,,,,Legend,Origins,1,1,0,Showcase,,,,,,,,,,,,,,,,,,,,,,,,,,,,,,,,,,,,,,,,,,,,,,,,,,
ogn-301,0,Loose Cannon,,,,,,,,Legend,Origins,1,1,0,Showcase,,,,,,,,,,,,,,,,,,,,,,,,,,,,,,,,,,,,,,,,,,,,,,,,,,
ogn-302,0,Hand of Noxus,,,,,,,,Legend,Origins,1,1,0,Showcase,,,,,,,,,,,,,,,,,,,,,,,,,,,,,,,,,,,,,,,,,,,,,,,,,,
ogn-303,0,Nine-Tailed Fox,,,,,,,,Legend,Origins,1,1,0,Showcase,,,,,,,,,,,,,,,,,,,,,,,,,,,,,,,,,,,,,,,,,,,,,,,,,,
ogn-304,0,Blind Monk,,,,,,,,Legend,Origins,1,1,0,Showcase,,,,,,,,,,,,,,,,,,,,,,,,,,,,,,,,,,,,,,,,,,,,,,,,,,
ogn-305,0,Unforgiven,,,,,,,,Legend,Origins,1,1,0,Showcase,,,,,,,,,,,,,,,,,,,,,,,,,,,,,,,,,,,,,,,,,,,,,,,,,,
ogn-306,0,Radiant Dawn,,,,,,,,Legend,Origins,1,1,0,Showcase,,,,,,,,,,,,,,,,,,,,,,,,,,,,,,,,,,,,,,,,,,,,,,,,,,
ogn-307,0,Swift Scout,,,,,,,,Legend,Origins,1,1,0,Showcase,,,,,,,,,,,,,,,,,,,,,,,,,,,,,,,,,,,,,,,,,,,,,,,,,,
ogn-308,0,Herald of the Arcane,,,,,,,,Legend,Origins,1,1,0,Showcase,,,,,,,,,,,,,,,,,,,,,,,,,,,,,,,,,,,,,,,,,,,,,,,,,,
ogn-309,0,Bounty Hunter,,,,,,,,Legend,Origins,1,1,0,Showcase,,,,,,,,,,,,,,,,,,,,,,,,,,,,,,,,,,,,,,,,,,,,,,,,,,
ogn-310,0,The Boss,,,,,,,,Legend,Origins,1,1,0,Showcase,,,,,,,,,,,,,,,,,,,,,,,,,,,,,,,,,,,,,,,,,,,,,,,,,,
ogs-001,0,"Annie, Fiery",,,,,4,1,,Unit,Proving Grounds,3,3,0,Epic,,,,,,,,,,,,,,,,,,,,,,,,,,,,,,,,,,,,,,,,,,,,,,,,,,
ogs-002,0,Firestorm,,,,,,1,,Spell,Proving Grounds,3,3,0,Uncommon,,,,,,,,,,,,,,,,,,,,,,,,,,,,,,,,,,,,,,,,,,,,,,,,,,
ogs-003,0,Incinerate,,,,,,,,Spell,Proving Grounds,3,3,0,Common,,,,,,,,,,,,,,,,,,,,,,,,,,,,,,,,,,,,,,,,,,,,,,,,,,
ogs-004,2,"Yi, Meditative",,,,,4,1,,Unit,Proving Grounds,3,1,0,Rare,,,,,,,,,,,,,,,,,,,,,,,,,,,,,,,,,,,,,,,,,,,,,,,,,,
ogs-005,3,Zephyr Sage,,,,,6,1,,Unit,Proving Grounds,3,0,0,Uncommon,,,,,,,,,,,,,,,,,,,,,,,,,,,,,,,,,,,,,,,,,,,,,,,,,,
ogs-006,0,"Lux, Illuminated",,,,,5,1,,Unit,Proving Grounds,3,3,0,Rare,,,,,,,,,,,,,,,,,,,,,,,,,,,,,,,,,,,,,,,,,,,,,,,,,,
ogs-007,2,"Garen, Rugged",,,,,5,1,,Unit,Proving Grounds,3,1,0,Rare,,,,,,,,,,,,,,,,,,,,,,,,,,,,,,,,,,,,,,,,,,,,,,,,,,
ogs-008,3,Gentlemen's Duel,,,,,,1,,Spell,Proving Grounds,3,0,0,Common,,,,,,,,,,,,,,,,,,,,,,,,,,,,,,,,,,,,,,,,,,,,,,,,,,
ogs-009,2,"Yi, Honed",,,,,6,1,,Unit,Proving Grounds,3,1,0,Epic,,,,,,,,,,,,,,,,,,,,,,,,,,,,,,,,,,,,,,,,,,,,,,,,,,
ogs-010,0,"Annie, Stubborn",,,,,3,1,,Unit,Proving Grounds,3,3,0,Rare,,,,,,,,,,,,,,,,,,,,,,,,,,,,,,,,,,,,,,,,,,,,,,,,,,
ogs-011,0,Flash,,,,,,,,Spell,Proving Grounds,3,3,0,Common,,,,,,,,,,,,,,,,,,,,,,,,,,,,,,,,,,,,,,,,,,,,,,,,,,
ogs-012,0,Blast of Power,,,,,,1,,Spell,Proving Grounds,3,3,0,Common,,,,,,,,,,,,,,,,,,,,,,,,,,,,,,,,,,,,,,,,,,,,,,,,,,
ogs-013,2,"Garen, Commander",,,,,5,1,,Unit,Proving Grounds,3,1,0,Epic,,,,,,,,,,,,,,,,,,,,,,,,,,,,,,,,,,,,,,,,,,,,,,,,,,
ogs-014,0,"Lux, Crownguard",,,,,2,,,Unit,Proving Grounds,3,3,0,Epic,,,,,,,,,,,,,,,,,,,,,,,,,,,,,,,,,,,,,,,,,,,,,,,,,,
ogs-015,3,Recruit the Vanguard,,,,,,,,Spell,Proving Grounds,3,0,0,Uncommon,,,,,,,,,,,,,,,,,,,,,,,,,,,,,,,,,,,,,,,,,,,,,,,,,,
ogs-016,3,Vanguard Attendant,,,,,5,1,,Unit,Proving Grounds,3,0,0,Common,,,,,,,,,,,,,,,,,,,,,,,,,,,,,,,,,,,,,,,,,,,,,,,,,,
ogs-017,0,Dark Child - Starter,,,,,,,,Legend,Proving Grounds,1,1,0,Rare,,,,,,,,,,,,,,,,,,,,,,,,,,,,,,,,,,,,,,,,,,,,,,,,,,
ogs-018,0,Tibbers,,,,,7,2,,Unit,Proving Grounds,3,3,0,Epic,,,,,,,,,,,,,,,,,,,,,,,,,,,,,,,,,,,,,,,,,,,,,,,,,,
ogs-019,1,Wuju Bladesman - Starter,,,,,,,,Legend,Proving Grounds,1,0,0,Rare,,,,,,,,,,,,,,,,,,,,,,,,,,,,,,,,,,,,,,,,,,,,,,,,,,
ogs-020,2,Highlander,,,,,,,,Spell,Proving Grounds,3,1,0,Epic,,,,,,,,,,,,,,,,,,,,,,,,,,,,,,,,,,,,,,,,,,,,,,,,,,
ogs-021,0,Lady of Luminosity - Starter,,,,,,,,Legend,Proving Grounds,1,1,0,Rare,,,,,,,,,,,,,,,,,,,,,,,,,,,,,,,,,,,,,,,,,,,,,,,,,,
ogs-022,0,Final Spark,,,,,,,,Spell,Proving Grounds,3,3,0,Epic,,,,,,,,,,,,,,,,,,,,,,,,,,,,,,,,,,,,,,,,,,,,,,,,,,
ogs-023,1,Might of Demacia - Starter,,,,,,,,Legend,Proving Grounds,1,0,0,Rare,,,,,,,,,,,,,,,,,,,,,,,,,,,,,,,,,,,,,,,,,,,,,,,,,,
ogs-024,2,Decisive Strike,,,,,,1,,Spell,Proving Grounds,3,1,0,Epic,,,,,,,,,,,,,,,,,,,,,,,,,,,,,,,,,,,,,,,,,,,,,,,,,,
sfd-001,4,Against the Odds,,,,,,,,Spell,Spiritforged,3,0,1,Common,,,,,,,,,,,,,,,,,,,,,,,,,,,,,,,,,,,,,,,,,,,,,,,,,,
sfd-002,2,Armed Assailant,,,,,6,1,,Unit,Spiritforged,3,1,0,Common,,,,,,,,,,,,,,,,,,,,,,,,,,,,,,,,,,,,,,,,,,,,,,,,,,
sfd-003,3,Blood Rush,,,,,,,,Spell,Spiritforged,3,0,0,Common,,,,,,,,,,,,,,,,,,,,,,,,,,,,,,,,,,,,,,,,,,,,,,,,,,
sfd-004,3,Bushwhack,,,,,,1,,Spell,Spiritforged,3,0,0,Common,,,,,,,,,,,,,,,,,,,,,,,,,,,,,,,,,,,,,,,,,,,,,,,,,,
sfd-005,3,Detonate,,,,,,1,,Spell,Spiritforged,3,0,0,Common,,,,,,,,,,,,,,,,,,,,,,,,,,,,,,,,,,,,,,,,,,,,,,,,,,
sfd-006,3,Eager Drakehound,,,,,3,1,,Unit,Spiritforged,3,0,0,Common,,,,,,,,,,,,,,,,,,,,,,,,,,,,,,,,,,,,,,,,,,,,,,,,,,
sfd-007,7,Gem Jammer,,,,,2,,,Unit,Spiritforged,3,0,4,Common,,,,,,,,,,,,,,,,,,,,,,,,,,,,,,,,,,,,,,,,,,,,,,,,,,
sfd-008,3,Sentinel Adept,,,,,3,,,Unit,Spiritforged,3,0,0,Common,,,,,,,,,,,,,,,,,,,,,,,,,,,,,,,,,,,,,,,,,,,,,,,,,,
sfd-009,3,Serrated Dirk,,,,,,,,Gear,Spiritforged,3,0,0,Common,,,,,,,,,,,,,,,,,,,,,,,,,,,,,,,,,,,,,,,,,,,,,,,,,,
sfd-010,3,Void Drone,,,,,3,,,Unit,Spiritforged,3,0,0,Common,,,,,,,,,,,,,,,,,,,,,,,,,,,,,,,,,,,,,,,,,,,,,,,,,,
sfd-011,2,Angle Shot,,,,,,,,Spell,Spiritforged,3,1,0,Uncommon,,,,,,,,,,,,,,,,,,,,,,,,,,,,,,,,,,,,,,,,,,,,,,,,,,
sfd-012,1,Battering Ram,,,,,5,,,Unit,Spiritforged,3,2,0,Uncommon,,,,,,,,,,,,,,,,,,,,,,,,,,,,,,,,,,,,,,,,,,,,,,,,,,
sfd-013,2,Blast Corps Cadet,,,,,2,,,Unit,Spiritforged,3,1,0,Uncommon,,,,,,,,,,,,,,,,,,,,,,,,,,,,,,,,,,,,,,,,,,,,,,,,,,
sfd-014,1,Minotaur Reckoner,,,,,5,,,Unit,Spiritforged,3,2,0,Uncommon,,,,,,,,,,,,,,,,,,,,,,,,,,,,,,,,,,,,,,,,,,,,,,,,,,
sfd-015,1,Perched Grimwyrm,,,,,5,,,Unit,Spiritforged,3,2,0,Uncommon,,,,,,,,,,,,,,,,,,,,,,,,,,,,,,,,,,,,,,,,,,,,,,,,,,
sfd-016,2,Recurve Bow,,,,,,,,Gear,Spiritforged,3,1,0,Uncommon,,,,,,,,,,,,,,,,,,,,,,,,,,,,,,,,,,,,,,,,,,,,,,,,,,
sfd-017,1,Sudden Storm,,,,,,,,Spell,Spiritforged,3,2,0,Uncommon,,,,,,,,,,,,,,,,,,,,,,,,,,,,,,,,,,,,,,,,,,,,,,,,,,
sfd-018,1,Void Hatchling,,,,,2,,,Unit,Spiritforged,3,2,0,Uncommon,,,,,,,,,,,,,,,,,,,,,,,,,,,,,,,,,,,,,,,,,,,,,,,,,,
sfd-019,2,Assembly Rig,,,,,,,,Gear,Spiritforged,3,1,0,Rare,,,,,,,,,,,,,,,,,,,,,,,,,,,,,,,,,,,,,,,,,,,,,,,,,,
sfd-020,1,"Draven, Vanquisher",,,,,4,,,Unit,Spiritforged,3,2,0,Rare,,,,,,,,,,,,,,,,,,,,,,,,,,,,,,,,,,,,,,,,,,,,,,,,,,
sfd-021,2,Ferrous Forerunner,,,,,6,1,,Unit,Spiritforged,3,1,0,Rare,,,,,,,,,,,,,,,,,,,,,,,,,,,,,,,,,,,,,,,,,,,,,,,,,,
sfd-022,1,Long Sword,,,,,,1,,Gear,Spiritforged,3,2,0,Rare,,,,,,,,,,,,,,,,,,,,,,,,,,,,,,,,,,,,,,,,,,,,,,,,,,
sfd-023,0,Piercing Light,,,,,,1,,Spell,Spiritforged,3,3,0,Rare,,,,,,,,,,,,,,,,,,,,,,,,,,,,,,,,,,,,,,,,,,,,,,,,,,
sfd-024,1,"Rell, Magnetic",,,,,4,,,Unit,Spiritforged,3,2,0,Rare,,,,,,,,,,,,,,,,,,,,,,,,,,,,,,,,,,,,,,,,,,,,,,,,,,
sfd-025,0,"Rengar, Pouncing",,,,,3,1,,Unit,Spiritforged,3,3,0,Rare,,,,,,,,,,,,,,,,,,,,,,,,,,,,,,,,,,,,,,,,,,,,,,,,,,
sfd-026,3,"Rumble, Hotheaded",,,,,4,,,Unit,Spiritforged,3,0,0,Rare,,,,,,,,,,,,,,,,,,,,,,,,,,,,,,,,,,,,,,,,,,,,,,,,,,
sfd-027,1,Dunebreaker,,,,,7,1,,Unit,Spiritforged,3,2,0,Epic,,,,,,,,,,,,,,,,,,,,,,,,,,,,,,,,,,,,,,,,,,,,,,,,,,
sfd-028,1,"Lucian, Gunslinger",,,,,2,,,Unit,Spiritforged,3,2,0,Epic,,,,,,,,,,,,,,,,,,,,,,,,,,,,,,,,,,,,,,,,,,,,,,,,,,
sfd-029,0,"Rek'Sai, Breacher",,,,,3,,,Unit,Spiritforged,3,3,0,Epic,,,,,,,,,,,,,,,,,,,,,,,,,,,,,,,,,,,,,,,,,,,,,,,,,,
sfd-030,0,Skyfall of Areion,,,,,,,,Gear,Spiritforged,3,3,0,Epic,,,,,,,,,,,,,,,,,,,,,,,,,,,,,,,,,,,,,,,,,,,,,,,,,,
sfd-031,3,Desert's Call,,,,,,,,Spell,Spiritforged,3,0,0,Common,,,,,,,,,,,,,,,,,,,,,,,,,,,,,,,,,,,,,,,,,,,,,,,,,,
sfd-032,2,Disarming Rake,,,,,2,1,,Unit,Spiritforged,3,1,0,Common,,,,,,,,,,,,,,,,,,,,,,,,,,,,,,,,,,,,,,,,,,,,,,,,,,
sfd-033,3,Doran's Shield,,,,,,,,Gear,Spiritforged,3,0,0,Common,,,,,,,,,,,,,,,,,,,,,,,,,,,,,,,,,,,,,,,,,,,,,,,,,,
sfd-034,4,Feral Strength,,,,,,,,Spell,Spiritforged,3,0,1,Common,,,,,,,,,,,,,,,,,,,,,,,,,,,,,,,,,,,,,,,,,,,,,,,,,,
sfd-035,3,Guardian of the Passage,,,,,6,,,Unit,Spiritforged,3,0,0,Common,,,,,,,,,,,,,,,,,,,,,,,,,,,,,,,,,,,,,,,,,,,,,,,,,,
sfd-036,4,Lonely Poro,,,,,2,,,Unit,Spiritforged,3,0,1,Common,,,,,,,,,,,,,,,,,,,,,,,,,,,,,,,,,,,,,,,,,,,,,,,,,,
sfd-037,3,Navori Scout,,,,,4,,,Unit,Spiritforged,3,0,0,Common,,,,,,,,,,,,,,,,,,,,,,,,,,,,,,,,,,,,,,,,,,,,,,,,,,
sfd-038,4,Ribbon Dancer,,,,,3,,,Unit,Spiritforged,3,0,1,Common,,,,,,,,,,,,,,,,,,,,,,,,,,,,,,,,,,,,,,,,,,,,,,,,,,
sfd-039,3,Royal Entourage,,,,,4,1,,Unit,Spiritforged,3,0,0,Common,,,,,,,,,,,,,,,,,,,,,,,,,,,,,,,,,,,,,,,,,,,,,,,,,,
sfd-040,4,Thwonk!,,,,,,,,Spell,Spiritforged,3,0,1,Common,,,,,,,,,,,,,,,,,,,,,,,,,,,,,,,,,,,,,,,,,,,,,,,,,,
sfd-041,1,Apprentice Smith,,,,,2,,,Unit,Spiritforged,3,2,0,Uncommon,,,,,,,,,,,,,,,,,,,,,,,,,,,,,,,,,,,,,,,,,,,,,,,,,,
sfd-042,1,Brutalizer,,,,,,,,Gear,Spiritforged,3,2,0,Uncommon,,,,,,,,,,,,,,,,,,,,,,,,,,,,,,,,,,,,,,,,,,,,,,,,,,
sfd-043,2,Emperor's Divide,,,,,,,,Spell,Spiritforged,3,1,0,Uncommon,,,,,,,,,,,,,,,,,,,,,,,,,,,,,,,,,,,,,,,,,,,,,,,,,,
sfd-044,1,Legion Quartermaster,,,,,4,,,Unit,Spiritforged,3,2,0,Uncommon,,,,,,,,,,,,,,,,,,,,,,,,,,,,,,,,,,,,,,,,,,,,,,,,,,
sfd-045,1,Not So Fast,,,,,,1,,Spell,Spiritforged,3,2,0,Uncommon,,,,,,,,,,,,,,,,,,,,,,,,,,,,,,,,,,,,,,,,,,,,,,,,,,
sfd-046,1,Poro Snax,,,,,,1,,Gear,Spiritforged,3,2,0,Uncommon,,,,,,,,,,,,,,,,,,,,,,,,,,,,,,,,,,,,,,,,,,,,,,,,,,
sfd-047,1,Simian Ancestor,,,,,5,1,,Unit,Spiritforged,3,2,0,Uncommon,,,,,,,,,,,,,,,,,,,,,,,,,,,,,,,,,,,,,,,,,,,,,,,,,,
sfd-048,1,Stellacorn Herder,,,,,3,,,Unit,Spiritforged,3,2,0,Uncommon,,,,,,,,,,,,,,,,,,,,,,,,,,,,,,,,,,,,,,,,,,,,,,,,,,
sfd-049,0,"Aphelios, Exalted",,,,,4,1,,Unit,Spiritforged,3,3,0,Rare,,,,,,,,,,,,,,,,,,,,,,,,,,,,,,,,,,,,,,,,,,,,,,,,,,
sfd-050,2,"Azir, Ascendant",,,,,6,1,,Unit,Spiritforged,3,1,0,Rare,,,,,,,,,,,,,,,,,,,,,,,,,,,,,,,,,,,,,,,,,,,,,,,,,,
sfd-051,0,Guardian Angel,,,,,,,,Gear,Spiritforged,3,3,0,Rare,,,,,,,,,,,,,,,,,,,,,,,,,,,,,,,,,,,,,,,,,,,,,,,,,,
sfd-052,1,Heart of Dark Ice,,,,,,1,,Gear,Spiritforged,3,2,0,Rare,,,,,,,,,,,,,,,,,,,,,,,,,,,,,,,,,,,,,,,,,,,,,,,,,,
sfd-053,0,"Janna, Savior",,,,,3,1,,Unit,Spiritforged,3,3,0,Rare,,,,,,,,,,,,,,,,,,,,,,,,,,,,,,,,,,,,,,,,,,,,,,,,,,
sfd-054,1,"Jax, Unmatched",,,,,5,1,,Unit,Spiritforged,3,2,0,Rare,,,,,,,,,,,,,,,,,,,,,,,,,,,,,,,,,,,,,,,,,,,,,,,,,,
sfd-055,1,Needlessly Large Yordle,,,,,5,3,,Unit,Spiritforged,3,2,0,Rare,,,,,,,,,,,,,,,,,,,,,,,,,,,,,,,,,,,,,,,,,,,,,,,,,,
sfd-056,0,Sterak's Gage,,,,,,2,,Gear,Spiritforged,3,3,0,Rare,,,,,,,,,,,,,,,,,,,,,,,,,,,,,,,,,,,,,,,,,,,,,,,,,,
sfd-057,1,"Irelia, Fervent",,,,,4,,,Unit,Spiritforged,3,2,0,Epic,,,,,,,,,,,,,,,,,,,,,,,,,,,,,,,,,,,,,,,,,,,,,,,,,,
sfd-058,0,"Ornn, Blacksmith",,,,,5,1,,Unit,Spiritforged,3,3,0,Epic,,,,,,,,,,,,,,,,,,,,,,,,,,,,,,,,,,,,,,,,,,,,,,,,,,
sfd-059,0,Svellsongur,,,,,,1,,Gear,Spiritforged,3,3,0,Epic,,,,,,,,,,,,,,,,,,,,,,,,,,,,,,,,,,,,,,,,,,,,,,,,,,
sfd-060,0,Tianna Crownguard,,,,,4,2,,Unit,Spiritforged,3,3,0,Epic,,,,,,,,,,,,,,,,,,,,,,,,,,,,,,,,,,,,,,,,,,,,,,,,,,
sfd-061,3,Aspiring Engineer,,,,,3,1,,Unit,Spiritforged,3,0,0,Common,,,,,,,,,,,,,,,,,,,,,,,,,,,,,,,,,,,,,,,,,,,,,,,,,,
sfd-062,6,Bubble Bot,,,,,3,,,Unit,Spiritforged,3,0,3,Common,,,,,,,,,,,,,,,,,,,,,,,,,,,,,,,,,,,,,,,,,,,,,,,,,,
sfd-063,3,Chemtech Cask,,,,,,,,Gear,Spiritforged,3,0,0,Common,,,,,,,,,,,,,,,,,,,,,,,,,,,,,,,,,,,,,,,,,,,,,,,,,,
sfd-064,4,Cloth Armor,,,,,,,,Gear,Spiritforged,3,0,1,Common,,,,,,,,,,,,,,,,,,,,,,,,,,,,,,,,,,,,,,,,,,,,,,,,,,
sfd-065,6,Forecaster,,,,,2,,,Unit,Spiritforged,3,0,3,Common,,,,,,,,,,,,,,,,,,,,,,,,,,,,,,,,,,,,,,,,,,,,,,,,,,
sfd-066,5,Frigid Touch,,,,,,,,Spell,Spiritforged,3,0,2,Common,,,,,,,,,,,,,,,,,,,,,,,,,,,,,,,,,,,,,,,,,,,,,,,,,,
sfd-067,3,Frostcoat Cub,,,,,3,,,Unit,Spiritforged,3,0,0,Common,,,,,,,,,,,,,,,,,,,,,,,,,,,,,,,,,,,,,,,,,,,,,,,,,,
sfd-068,3,Gearhead,,,,,3,,,Unit,Spiritforged,3,0,0,Common,,,,,,,,,,,,,,,,,,,,,,,,,,,,,,,,,,,,,,,,,,,,,,,,,,
sfd-069,6,Plundering Poro,,,,,2,,,Unit,Spiritforged,3,0,3,Common,,,,,,,,,,,,,,,,,,,,,,,,,,,,,,,,,,,,,,,,,,,,,,,,,,
sfd-070,6,Wages of Pain,,,,,,,,Spell,Spiritforged,3,0,3,Common,,,,,,,,,,,,,,,,,,,,,,,,,,,,,,,,,,,,,,,,,,,,,,,,,,
sfd-071,3,Breakneck Mech,,,,,7,2,,Unit,Spiritforged,3,0,0,Uncommon,,,,,,,,,,,,,,,,,,,,,,,,,,,,,,,,,,,,,,,,,,,,,,,,,,
sfd-072,1,Dropboarder,,,,,4,,,Unit,Spiritforged,3,2,0,Uncommon,,,,,,,,,,,,,,,,,,,,,,,,,,,,,,,,,,,,,,,,,,,,,,,,,,
sfd-073,1,Experimental Hexplate,,,,,,,,Gear,Spiritforged,3,2,0,Uncommon,,,,,,,,,,,,,,,,,,,,,,,,,,,,,,,,,,,,,,,,,,,,,,,,,,
sfd-074,1,Pickpocket,,,,,3,,,Unit,Spiritforged,3,2,0,Uncommon,,,,,,,,,,,,,,,,,,,,,,,,,,,,,,,,,,,,,,,,,,,,,,,,,,
sfd-075,2,Prize of Progress,,,,,3,1,,Unit,Spiritforged,3,1,0,Uncommon,,,,,,,,,,,,,,,,,,,,,,,,,,,,,,,,,,,,,,,,,,,,,,,,,,
sfd-076,4,Production Surge,,,,,,1,,Spell,Spiritforged,3,0,1,Uncommon,,,,,,,,,,,,,,,,,,,,,,,,,,,,,,,,,,,,,,,,,,,,,,,,,,
sfd-077,0,Rocket Barrage,,,,,,1,,Spell,Spiritforged,3,3,0,Uncommon,,,,,,,,,,,,,,,,,,,,,,,,,,,,,,,,,,,,,,,,,,,,,,,,,,
sfd-078,1,Temporal Portal,,,,,,,,Gear,Spiritforged,3,2,0,Uncommon,,,,,,,,,,,,,,,,,,,,,,,,,,,,,,,,,,,,,,,,,,,,,,,,,,
sfd-079,0,"Bard, Mercurial",,,,,4,1,,Unit,Spiritforged,3,3,0,Rare,,,,,,,,,,,,,,,,,,,,,,,,,,,,,,,,,,,,,,,,,,,,,,,,,,
sfd-080,1,Bellows Breath,,,,,,1,,Spell,Spiritforged,3,2,0,Rare,,,,,,,,,,,,,,,,,,,,,,,,,,,,,,,,,,,,,,,,,,,,,,,,,,
sfd-081,0,Card Sharp,,,,,3,,,Unit,Spiritforged,3,3,0,Rare,,,,,,,,,,,,,,,,,,,,,,,,,,,,,,,,,,,,,,,,,,,,,,,,,,
sfd-082,1,"Ezreal, Dashing",,,,,3,1,,Unit,Spiritforged,3,2,0,Rare,,,,,,,,,,,,,,,,,,,,,,,,,,,,,,,,,,,,,,,,,,,,,,,,,,
sfd-083,1,Hextech Anomaly,,,,,,1,,Gear,Spiritforged,3,2,0,Rare,,,,,,,,,,,,,,,,,,,,,,,,,,,,,,,,,,,,,,,,,,,,,,,,,,
sfd-084,0,"Jayce, Man of Progress",,,,,4,,,Unit,Spiritforged,3,3,0,Rare,,,,,,,,,,,,,,,,,,,,,,,,,,,,,,,,,,,,,,,,,,,,,,,,,,
sfd-085,1,"Ornn, Forge God",,,,,4,,,Unit,Spiritforged,3,2,0,Rare,,,,,,,,,,,,,,,,,,,,,,,,,,,,,,,,,,,,,,,,,,,,,,,,,,
sfd-086,1,World Atlas,,,,,,,,Gear,Spiritforged,3,2,0,Rare,,,,,,,,,,,,,,,,,,,,,,,,,,,,,,,,,,,,,,,,,,,,,,,,,,
sfd-087,0,Premonition,,,,,,3,,Spell,Spiritforged,3,3,0,Epic,,,,,,,,,,,,,,,,,,,,,,,,,,,,,,,,,,,,,,,,,,,,,,,,,,
sfd-088,0,"Renata Glasc, Mastermind",,,,,4,,,Unit,Spiritforged,3,3,0,Epic,,,,,,,,,,,,,,,,,,,,,,,,,,,,,,,,,,,,,,,,,,,,,,,,,,
sfd-089,3,"Rumble, Scrapper",,,,,4,1,,Unit,Spiritforged,3,0,0,Epic,,,,,,,,,,,,,,,,,,,,,,,,,,,,,,,,,,,,,,,,,,,,,,,,,,
sfd-090,0,The Zero Drive,,,,,,,,Gear,Spiritforged,3,3,0,Epic,,,,,,,,,,,,,,,,,,,,,,,,,,,,,,,,,,,,,,,,,,,,,,,,,,
sfd-091,3,Buhru Captain,,,,,3,1,,Unit,Spiritforged,3,0,0,Common,,,,,,,,,,,,,,,,,,,,,,,,,,,,,,,,,,,,,,,,,,,,,,,,,,
sfd-092,3,Combat Chef,,,,,5,,,Unit,Spiritforged,3,0,0,Common,,,,,,,,,,,,,,,,,,,,,,,,,,,,,,,,,,,,,,,,,,,,,,,,,,
sfd-093,4,Dauntless Vanguard,,,,,4,1,,Unit,Spiritforged,3,0,1,Common,,,,,,,,,,,,,,,,,,,,,,,,,,,,,,,,,,,,,,,,,,,,,,,,,,
sfd-094,3,Direwing,,,,,7,,,Unit,Spiritforged,3,0,0,Common,,,,,,,,,,,,,,,,,,,,,,,,,,,,,,,,,,,,,,,,,,,,,,,,,,
sfd-095,4,Doran's Blade,,,,,,,,Gear,Spiritforged,3,0,1,Common,,,,,,,,,,,,,,,,,,,,,,,,,,,,,,,,,,,,,,,,,,,,,,,,,,
sfd-096,3,Laurent Bladekeeper,,,,,3,,,Unit,Spiritforged,3,0,0,Common,,,,,,,,,,,,,,,,,,,,,,,,,,,,,,,,,,,,,,,,,,,,,,,,,,
sfd-097,3,Punch First,,,,,,2,,Spell,Spiritforged,3,0,0,Common,,,,,,,,,,,,,,,,,,,,,,,,,,,,,,,,,,,,,,,,,,,,,,,,,,
sfd-098,2,Sea Monkey,,,,,2,,,Unit,Spiritforged,3,1,0,Common,,,,,,,,,,,,,,,,,,,,,,,,,,,,,,,,,,,,,,,,,,,,,,,,,,
sfd-099,3,Veteran Poro,,,,,2,,,Unit,Spiritforged,3,0,0,Common,,,,,,,,,,,,,,,,,,,,,,,,,,,,,,,,,,,,,,,,,,,,,,,,,,
sfd-100,2,Yordle Explorer,,,,,4,,,Unit,Spiritforged,3,1,0,Common,,,,,,,,,,,,,,,,,,,,,,,,,,,,,,,,,,,,,,,,,,,,,,,,,,
sfd-101,2,Fae Dragon,,,,,7,1,,Unit,Spiritforged,3,1,0,Uncommon,,,,,,,,,,,,,,,,,,,,,,,,,,,,,,,,,,,,,,,,,,,,,,,,,,
sfd-102,1,Hexdrinker,,,,,,,,Gear,Spiritforged,3,2,0,Uncommon,,,,,,,,,,,,,,,,,,,,,,,,,,,,,,,,,,,,,,,,,,,,,,,,,,
sfd-103,2,Jaull-Fish,,,,,6,2,,Unit,Spiritforged,3,1,0,Uncommon,,,,,,,,,,,,,,,,,,,,,,,,,,,,,,,,,,,,,,,,,,,,,,,,,,
sfd-104,2,Petricite Monument,,,,,,,,Gear,Spiritforged,3,1,0,Uncommon,,,,,,,,,,,,,,,,,,,,,,,,,,,,,,,,,,,,,,,,,,,,,,,,,,
sfd-105,2,Ruin Runner,,,,,5,,,Unit,Spiritforged,3,1,0,Uncommon,,,,,,,,,,,,,,,,,,,,,,,,,,,,,,,,,,,,,,,,,,,,,,,,,,
sfd-106,1,Show of Strength,,,,,,1,,Spell,Spiritforged,3,2,0,Uncommon,,,,,,,,,,,,,,,,,,,,,,,,,,,,,,,,,,,,,,,,,,,,,,,,,,
sfd-107,1,Strike Down,,,,,,1,,Spell,Spiritforged,3,2,0,Uncommon,,,,,,,,,,,,,,,,,,,,,,,,,,,,,,,,,,,,,,,,,,,,,,,,,,
sfd-108,1,Warmog's Armor,,,,,,,,Gear,Spiritforged,3,2,0,Uncommon,,,,,,,,,,,,,,,,,,,,,,,,,,,,,,,,,,,,,,,,,,,,,,,,,,
sfd-109,1,"Akshan, Mischievous",,,,,4,,,Unit,Spiritforged,3,2,0,Rare,,,,,,,,,,,,,,,,,,,,,,,,,,,,,,,,,,,,,,,,,,,,,,,,,,
sfd-110,0,"Fiora, Peerless",,,,,3,1,,Unit,Spiritforged,3,3,0,Rare,,,,,,,,,,,,,,,,,,,,,,,,,,,,,,,,,,,,,,,,,,,,,,,,,,
sfd-111,1,Here to Help,,,,,,1,,Spell,Spiritforged,3,2,0,Rare,,,,,,,,,,,,,,,,,,,,,,,,,,,,,,,,,,,,,,,,,,,,,,,,,,
sfd-112,0,Kato the Arm,,,,,3,1,,Unit,Spiritforged,3,3,0,Rare,,,,,,,,,,,,,,,,,,,,,,,,,,,,,,,,,,,,,,,,,,,,,,,,,,
sfd-113,1,"Lucian, Merciless",,,,,3,,,Unit,Spiritforged,3,2,0,Rare,,,,,,,,,,,,,,,,,,,,,,,,,,,,,,,,,,,,,,,,,,,,,,,,,,
sfd-114,1,Marching Orders,,,,,,,,Spell,Spiritforged,3,2,0,Rare,,,,,,,,,,,,,,,,,,,,,,,,,,,,,,,,,,,,,,,,,,,,,,,,,,
sfd-115,0,Trinity Force,,,,,,,,Gear,Spiritforged,3,3,0,Rare,,,,,,,,,,,,,,,,,,,,,,,,,,,,,,,,,,,,,,,,,,,,,,,,,,
sfd-116,0,"Yone, Blademaster",,,,,5,1,,Unit,Spiritforged,3,3,0,Rare,,,,,,,,,,,,,,,,,,,,,,,,,,,,,,,,,,,,,,,,,,,,,,,,,,
sfd-117,0,Ancient Henge,,,,,,1,,Gear,Spiritforged,3,3,0,Epic,,,,,,,,,,,,,,,,,,,,,,,,,,,,,,,,,,,,,,,,,,,,,,,,,,
sfd-118,0,Boneshiver,,,,,,,,Gear,Spiritforged,3,3,0,Epic,,,,,,,,,,,,,,,,,,,,,,,,,,,,,,,,,,,,,,,,,,,,,,,,,,
sfd-119,0,"Jax, Unrelenting",,,,,3,1,,Unit,Spiritforged,3,3,0,Epic,,,,,,,,,,,,,,,,,,,,,,,,,,,,,,,,,,,,,,,,,,,,,,,,,,
sfd-120,0,"Sivir, Ambitious",,,,,7,3,,Unit,Spiritforged,3,3,0,Epic,,,,,,,,,,,,,,,,,,,,,,,,,,,,,,,,,,,,,,,,,,,,,,,,,,
sfd-121,2,Black Market Broker,,,,,3,,,Unit,Spiritforged,3,1,0,Common,,,,,,,,,,,,,,,,,,,,,,,,,,,,,,,,,,,,,,,,,,,,,,,,,,
sfd-122,3,Called Shot,,,,,,1,,Spell,Spiritforged,3,0,0,Common,,,,,,,,,,,,,,,,,,,,,,,,,,,,,,,,,,,,,,,,,,,,,,,,,,
sfd-123,3,Corrupt Enforcer,,,,,4,1,,Unit,Spiritforged,3,0,0,Common,,,,,,,,,,,,,,,,,,,,,,,,,,,,,,,,,,,,,,,,,,,,,,,,,,
sfd-124,2,Doran's Ring,,,,,,,,Gear,Spiritforged,3,1,0,Common,,,,,,,,,,,,,,,,,,,,,,,,,,,,,,,,,,,,,,,,,,,,,,,,,,
sfd-125,3,Fae Porter,,,,,4,,,Unit,Spiritforged,3,0,0,Common,,,,,,,,,,,,,,,,,,,,,,,,,,,,,,,,,,,,,,,,,,,,,,,,,,
sfd-126,4,Loyal Pup,,,,,3,,,Unit,Spiritforged,3,0,1,Common,,,,,,,,,,,,,,,,,,,,,,,,,,,,,,,,,,,,,,,,,,,,,,,,,,
sfd-127,3,Master Bingwen,,,,,6,,,Unit,Spiritforged,3,0,0,Common,,,,,,,,,,,,,,,,,,,,,,,,,,,,,,,,,,,,,,,,,,,,,,,,,,
sfd-128,3,Overzealous Fan,,,,,2,,,Unit,Spiritforged,3,0,0,Common,,,,,,,,,,,,,,,,,,,,,,,,,,,,,,,,,,,,,,,,,,,,,,,,,,
sfd-129,4,Temptation,,,,,,,,Spell,Spiritforged,3,0,1,Common,,,,,,,,,,,,,,,,,,,,,,,,,,,,,,,,,,,,,,,,,,,,,,,,,,
sfd-130,0,Treasure Hunter,,,,,1,,,Unit,Spiritforged,3,3,0,Common,,,,,,,,,,,,,,,,,,,,,,,,,,,,,,,,,,,,,,,,,,,,,,,,,,
sfd-131,1,Ancient Warmonger,,,,,4,,,Unit,Spiritforged,3,2,0,Uncommon,,,,,,,,,,,,,,,,,,,,,,,,,,,,,,,,,,,,,,,,,,,,,,,,,,
sfd-132,3,Beast Below,,,,,8,2,,Unit,Spiritforged,3,0,0,Uncommon,,,,,,,,,,,,,,,,,,,,,,,,,,,,,,,,,,,,,,,,,,,,,,,,,,
sfd-133,1,Boots of Swiftness,,,,,,,,Gear,Spiritforged,3,2,0,Uncommon,,,,,,,,,,,,,,,,,,,,,,,,,,,,,,,,,,,,,,,,,,,,,,,,,,
sfd-134,1,Cull,,,,,,,,Gear,Spiritforged,3,2,0,Uncommon,,,,,,,,,,,,,,,,,,,,,,,,,,,,,,,,,,,,,,,,,,,,,,,,,,
sfd-135,1,Factory Recall,,,,,,,,Spell,Spiritforged,3,2,0,Uncommon,,,,,,,,,,,,,,,,,,,,,,,,,,,,,,,,,,,,,,,,,,,,,,,,,,
sfd-136,2,Hard Bargain,,,,,,,,Spell,Spiritforged,3,1,0,Uncommon,,,,,,,,,,,,,,,,,,,,,,,,,,,,,,,,,,,,,,,,,,,,,,,,,,
sfd-137,1,Harpoon Squad,,,,,4,,,Unit,Spiritforged,3,2,0,Uncommon,,,,,,,,,,,,,,,,,,,,,,,,,,,,,,,,,,,,,,,,,,,,,,,,,,
sfd-138,2,Windsinger,,,,,1,,,Unit,Spiritforged,3,1,0,Uncommon,,,,,,,,,,,,,,,,,,,,,,,,,,,,,,,,,,,,,,,,,,,,,,,,,,
sfd-139,1,Edge of Night,,,,,,,,Gear,Spiritforged,3,2,0,Rare,,,,,,,,,,,,,,,,,,,,,,,,,,,,,,,,,,,,,,,,,,,,,,,,,,
sfd-140,1,"Fizz, Trickster",,,,,3,1,,Unit,Spiritforged,3,2,0,Rare,,,,,,,,,,,,,,,,,,,,,,,,,,,,,,,,,,,,,,,,,,,,,,,,,,
sfd-141,0,"Irelia, Graceful",,,,,4,1,,Unit,Spiritforged,3,3,0,Rare,,,,,,,,,,,,,,,,,,,,,,,,,,,,,,,,,,,,,,,,,,,,,,,,,,
sfd-142,1,Jae Medarda,,,,,5,2,,Unit,Spiritforged,3,2,0,Rare,,,,,,,,,,,,,,,,,,,,,,,,,,,,,,,,,,,,,,,,,,,,,,,,,,
sfd-143,0,"Sivir, Mercenary",,,,,4,1,,Unit,Spiritforged,3,3,0,Rare,,,,,,,,,,,,,,,,,,,,,,,,,,,,,,,,,,,,,,,,,,,,,,,,,,
sfd-144,1,Spirit Wheel,,,,,,,,Gear,Spiritforged,3,2,0,Rare,,,,,,,,,,,,,,,,,,,,,,,,,,,,,,,,,,,,,,,,,,,,,,,,,,
sfd-145,1,Switcheroo,,,,,,2,,Spell,Spiritforged,3,2,0,Rare,,,,,,,,,,,,,,,,,,,,,,,,,,,,,,,,,,,,,,,,,,,,,,,,,,
sfd-146,0,"Vex, Cheerless",,,,,5,1,,Unit,Spiritforged,3,3,0,Rare,,,,,,,,,,,,,,,,,,,,,,,,,,,,,,,,,,,,,,,,,,,,,,,,,,
sfd-147,0,Downwell,,,,,,2,,Spell,Spiritforged,3,3,0,Epic,,,,,,,,,,,,,,,,,,,,,,,,,,,,,,,,,,,,,,,,,,,,,,,,,,
sfd-148,0,"Draven, Audacious",,,,,6,1,,Unit,Spiritforged,3,3,0,Epic,,,,,,,,,,,,,,,,,,,,,,,,,,,,,,,,,,,,,,,,,,,,,,,,,,
sfd-149,0,"Ezreal, Prodigy",,,,,3,1,,Unit,Spiritforged,3,3,0,Epic,,,,,,,,,,,,,,,,,,,,,,,,,,,,,,,,,,,,,,,,,,,,,,,,,,
sfd-150,0,Last Rites,,,,,,,,Gear,Spiritforged,3,3,0,Epic,,,,,,,,,,,,,,,,,,,,,,,,,,,,,,,,,,,,,,,,,,,,,,,,,,
sfd-151,3,Bonds of Strength,,,,,,,,Spell,Spiritforged,3,0,0,Common,,,,,,,,,,,,,,,,,,,,,,,,,,,,,,,,,,,,,,,,,,,,,,,,,,
sfd-152,3,Eminent Benefactor,,,,,5,,,Unit,Spiritforged,3,0,0,Common,,,,,,,,,,,,,,,,,,,,,,,,,,,,,,,,,,,,,,,,,,,,,,,,,,
sfd-153,3,Eye of the Herald,,,,,,,,Gear,Spiritforged,3,0,0,Common,,,,,,,,,,,,,,,,,,,,,,,,,,,,,,,,,,,,,,,,,,,,,,,,,,
sfd-154,3,Guards!,,,,,,,,Spell,Spiritforged,3,0,0,Common,,,,,,,,,,,,,,,,,,,,,,,,,,,,,,,,,,,,,,,,,,,,,,,,,,
sfd-155,2,Honest Broker,,,,,2,,,Unit,Spiritforged,3,1,0,Common,,,,,,,,,,,,,,,,,,,,,,,,,,,,,,,,,,,,,,,,,,,,,,,,,,
sfd-156,3,Laurent Duelist,,,,,3,,,Unit,Spiritforged,3,0,0,Common,,,,,,,,,,,,,,,,,,,,,,,,,,,,,,,,,,,,,,,,,,,,,,,,,,
sfd-157,5,Royal Guard,,,,,2,,,Unit,Spiritforged,3,0,2,Common,,,,,,,,,,,,,,,,,,,,,,,,,,,,,,,,,,,,,,,,,,,,,,,,,,
sfd-158,3,Sandshifter,,,,,6,2,,Unit,Spiritforged,3,0,0,Common,,,,,,,,,,,,,,,,,,,,,,,,,,,,,,,,,,,,,,,,,,,,,,,,,,
sfd-159,3,Trusty Ramhound,,,,,2,,,Unit,Spiritforged,3,0,0,Common,,,,,,,,,,,,,,,,,,,,,,,,,,,,,,,,,,,,,,,,,,,,,,,,,,
sfd-160,3,Zaun Punk,,,,,3,,,Unit,Spiritforged,3,0,0,Common,,,,,,,,,,,,,,,,,,,,,,,,,,,,,,,,,,,,,,,,,,,,,,,,,,
sfd-161,1,B.F. Sword,,,,,,,,Gear,Spiritforged,3,2,0,Uncommon,,,,,,,,,,,,,,,,,,,,,,,,,,,,,,,,,,,,,,,,,,,,,,,,,,
sfd-162,2,Blood Money,,,,,,,,Spell,Spiritforged,3,1,0,Uncommon,,,,,,,,,,,,,,,,,,,,,,,,,,,,,,,,,,,,,,,,,,,,,,,,,,
sfd-163,2,Deathgrip,,,,,,,,Spell,Spiritforged,3,1,0,Uncommon,,,,,,,,,,,,,,,,,,,,,,,,,,,,,,,,,,,,,,,,,,,,,,,,,,
sfd-164,1,Drag Under,,,,,,1,,Spell,Spiritforged,3,2,0,Uncommon,,,,,,,,,,,,,,,,,,,,,,,,,,,,,,,,,,,,,,,,,,,,,,,,,,
sfd-165,1,Glasc Mixologist,,,,,5,1,,Unit,Spiritforged,3,2,0,Uncommon,,,,,,,,,,,,,,,,,,,,,,,,,,,,,,,,,,,,,,,,,,,,,,,,,,
sfd-166,1,Rally the Troops,,,,,,,,Spell,Spiritforged,3,2,0,Uncommon,,,,,,,,,,,,,,,,,,,,,,,,,,,,,,,,,,,,,,,,,,,,,,,,,,
sfd-167,2,Unsung Hero,,,,,2,,,Unit,Spiritforged,3,1,0,Uncommon,,,,,,,,,,,,,,,,,,,,,,,,,,,,,,,,,,,,,,,,,,,,,,,,,,
sfd-168,2,Vanguard Armory,,,,,,1,,Gear,Spiritforged,3,1,0,Uncommon,,,,,,,,,,,,,,,,,,,,,,,,,,,,,,,,,,,,,,,,,,,,,,,,,,
sfd-169,1,Altar of Memories,,,,,,,,Gear,Spiritforged,3,2,0,Rare,,,,,,,,,,,,,,,,,,,,,,,,,,,,,,,,,,,,,,,,,,,,,,,,,,
sfd-170,0,"Rek'Sai, Swarm Queen",,,,,5,1,,Unit,Spiritforged,3,3,0,Rare,,,,,,,,,,,,,,,,,,,,,,,,,,,,,,,,,,,,,,,,,,,,,,,,,,
sfd-171,0,"Renata Glasc, Industrialist",,,,,4,1,,Unit,Spiritforged,3,3,0,Rare,,,,,,,,,,,,,,,,,,,,,,,,,,,,,,,,,,,,,,,,,,,,,,,,,,
sfd-172,0,Sacred Shears,,,,,,1,,Gear,Spiritforged,3,3,0,Rare,,,,,,,,,,,,,,,,,,,,,,,,,,,,,,,,,,,,,,,,,,,,,,,,,,
sfd-173,1,"Soraka, Wanderer",,,,,4,1,,Unit,Spiritforged,3,2,0,Rare,,,,,,,,,,,,,,,,,,,,,,,,,,,,,,,,,,,,,,,,,,,,,,,,,,
sfd-174,1,Trove Golem,,,,,9,2,,Unit,Spiritforged,3,2,0,Rare,,,,,,,,,,,,,,,,,,,,,,,,,,,,,,,,,,,,,,,,,,,,,,,,,,
sfd-175,1,Undertitan,,,,,5,1,,Unit,Spiritforged,3,2,0,Rare,,,,,,,,,,,,,,,,,,,,,,,,,,,,,,,,,,,,,,,,,,,,,,,,,,
sfd-176,0,"Xin Zhao, Vigilant",,,,,4,1,,Unit,Spiritforged,3,3,0,Rare,,,,,,,,,,,,,,,,,,,,,,,,,,,,,,,,,,,,,,,,,,,,,,,,,,
sfd-177,0,"Azir, Sovereign",,,,,4,,,Unit,Spiritforged,3,3,0,Epic,,,,,,,,,,,,,,,,,,,,,,,,,,,,,,,,,,,,,,,,,,,,,,,,,,
sfd-178,0,Blade of the Ruined King,,,,,,1,,Gear,Spiritforged,3,3,0,Epic,,,,,,,,,,,,,,,,,,,,,,,,,,,,,,,,,,,,,,,,,,,,,,,,,,
sfd-179,0,Corina Veraza,,,,,6,1,,Unit,Spiritforged,3,3,0,Epic,,,,,,,,,,,,,,,,,,,,,,,,,,,,,,,,,,,,,,,,,,,,,,,,,,
sfd-180,0,"Fiora, Worthy",,,,,3,,,Unit,Spiritforged,3,3,0,Epic,,,,,,,,,,,,,,,,,,,,,,,,,,,,,,,,,,,,,,,,,,,,,,,,,,
sfd-181,1,Mechanized Menace,,,,,,,,Legend,Spiritforged,1,0,0,Rare,,,,,,,,,,,,,,,,,,,,,,,,,,,,,,,,,,,,,,,,,,,,,,,,,,
sfd-182,1,Danger Zone,,,,,,1,,Spell,Spiritforged,3,2,0,Epic,,,,,,,,,,,,,,,,,,,,,,,,,,,,,,,,,,,,,,,,,,,,,,,,,,
sfd-183,1,Purifier,,,,,,,,Legend,Spiritforged,1,0,0,Rare,,,,,,,,,,,,,,,,,,,,,,,,,,,,,,,,,,,,,,,,,,,,,,,,,,
sfd-184,1,Relentless Pursuit,,,,,,1,,Spell,Spiritforged,3,2,0,Epic,,,,,,,,,,,,,,,,,,,,,,,,,,,,,,,,,,,,,,,,,,,,,,,,,,
sfd-185,1,Glorious Executioner,,,,,,,,Legend,Spiritforged,1,0,0,Rare,,,,,,,,,,,,,,,,,,,,,,,,,,,,,,,,,,,,,,,,,,,,,,,,,,
sfd-186,0,Spinning Axe,,,,,,1,,Gear,Spiritforged,3,3,0,Epic,,,,,,,,,,,,,,,,,,,,,,,,,,,,,,,,,,,,,,,,,,,,,,,,,,
sfd-187,1,Void Burrower,,,,,,,,Legend,Spiritforged,1,0,0,Rare,,,,,,,,,,,,,,,,,,,,,,,,,,,,,,,,,,,,,,,,,,,,,,,,,,
sfd-188,0,Void Rush,,,,,,1,,Spell,Spiritforged,3,3,0,Epic,,,,,,,,,,,,,,,,,,,,,,,,,,,,,,,,,,,,,,,,,,,,,,,,,,
sfd-189,1,Fire Below the Mountain,,,,,,,,Legend,Spiritforged,1,0,0,Rare,,,,,,,,,,,,,,,,,,,,,,,,,,,,,,,,,,,,,,,,,,,,,,,,,,
sfd-190,1,Forgefire Cape,,,,,,2,,Gear,Spiritforged,3,2,0,Epic,,,,,,,,,,,,,,,,,,,,,,,,,,,,,,,,,,,,,,,,,,,,,,,,,,
sfd-191,1,Rabadon's Deathcrown,,,,,,2,,Gear,Spiritforged,3,2,0,Epic,,,,,,,,,,,,,,,,,,,,,,,,,,,,,,,,,,,,,,,,,,,,,,,,,,
sfd-192,1,Shurelya's Requiem,,,,,,2,,Gear,Spiritforged,3,2,0,Epic,,,,,,,,,,,,,,,,,,,,,,,,,,,,,,,,,,,,,,,,,,,,,,,,,,
sfd-193,1,Grandmaster at Arms,,,,,,,,Legend,Spiritforged,1,0,0,Rare,,,,,,,,,,,,,,,,,,,,,,,,,,,,,,,,,,,,,,,,,,,,,,,,,,
sfd-194,0,Counter Strike,,,,,,1,,Spell,Spiritforged,3,3,0,Epic,,,,,,,,,,,,,,,,,,,,,,,,,,,,,,,,,,,,,,,,,,,,,,,,,,
sfd-195,1,Blade Dancer,,,,,,,,Legend,Spiritforged,1,0,0,Rare,,,,,,,,,,,,,,,,,,,,,,,,,,,,,,,,,,,,,,,,,,,,,,,,,,
sfd-196,0,Defiant Dance,,,,,,1,,Spell,Spiritforged,3,3,0,Epic,,,,,,,,,,,,,,,,,,,,,,,,,,,,,,,,,,,,,,,,,,,,,,,,,,
sfd-197,1,Emperor of the Sands,,,,,,,,Legend,Spiritforged,1,0,0,Rare,,,,,,,,,,,,,,,,,,,,,,,,,,,,,,,,,,,,,,,,,,,,,,,,,,
sfd-198,0,Arise!,,,,,,1,,Spell,Spiritforged,3,3,0,Epic,,,,,,,,,,,,,,,,,,,,,,,,,,,,,,,,,,,,,,,,,,,,,,,,,,
sfd-199,1,Prodigal Explorer,,,,,,,,Legend,Spiritforged,1,0,0,Rare,,,,,,,,,,,,,,,,,,,,,,,,,,,,,,,,,,,,,,,,,,,,,,,,,,
sfd-200,0,Arcane Shift,,,,,,1,,Spell,Spiritforged,3,3,0,Epic,,,,,,,,,,,,,,,,,,,,,,,,,,,,,,,,,,,,,,,,,,,,,,,,,,
sfd-201,0,Chem-Baroness,,,,,,,,Legend,Spiritforged,1,1,0,Rare,,,,,,,,,,,,,,,,,,,,,,,,,,,,,,,,,,,,,,,,,,,,,,,,,,
sfd-202,0,Hostile Takeover,,,,,,2,,Spell,Spiritforged,3,3,0,Epic,,,,,,,,,,,,,,,,,,,,,,,,,,,,,,,,,,,,,,,,,,,,,,,,,,
sfd-203,1,Battle Mistress,,,,,,,,Legend,Spiritforged,1,0,0,Rare,,,,,,,,,,,,,,,,,,,,,,,,,,,,,,,,,,,,,,,,,,,,,,,,,,
sfd-204,0,On the Hunt,,,,,,2,,Spell,Spiritforged,3,3,0,Epic,,,,,,,,,,,,,,,,,,,,,,,,,,,,,,,,,,,,,,,,,,,,,,,,,,
sfd-205,0,Grand Duelist,,,,,,,,Legend,Spiritforged,1,1,0,Rare,,,,,,,,,,,,,,,,,,,,,,,,,,,,,,,,,,,,,,,,,,,,,,,,,,
sfd-206,0,Riposte,,,,,,2,,Spell,Spiritforged,3,3,0,Epic,,,,,,,,,,,,,,,,,,,,,,,,,,,,,,,,,,,,,,,,,,,,,,,,,,
sfd-207,1,Emperor's Dais,,,any,,,,,Battlefield,Spiritforged,1,0,0,Uncommon,,,,,,,,,,,,,,,,,,,,,,,,,,,,,,,,,,,,,,,,,,,,,,,,,,
sfd-208,1,Forge of the Fluft,,,any,,,,,Battlefield,Spiritforged,1,0,0,Uncommon,,,,,,,,,,,,,,,,,,,,,,,,,,,,,,,,,,,,,,,,,,,,,,,,,,
sfd-209,1,Forgotten Monument,,,any,,,,,Battlefield,Spiritforged,1,0,0,Uncommon,,,,,,,,,,,,,,,,,,,,,,,,,,,,,,,,,,,,,,,,,,,,,,,,,,
sfd-210,1,Hall of Legends,,,any,,,,,Battlefield,Spiritforged,1,0,0,Uncommon,,,,,,,,,,,,,,,,,,,,,,,,,,,,,,,,,,,,,,,,,,,,,,,,,,
sfd-211,1,Marai Spire,,,any,,,,,Battlefield,Spiritforged,1,0,0,Uncommon,,,,,,,,,,,,,,,,,,,,,,,,,,,,,,,,,,,,,,,,,,,,,,,,,,
sfd-212,1,Minefield,,,any,,,,,Battlefield,Spiritforged,1,0,0,Uncommon,,,,,,,,,,,,,,,,,,,,,,,,,,,,,,,,,,,,,,,,,,,,,,,,,,
sfd-213,1,Ornn's Forge,,,any,,,,,Battlefield,Spiritforged,1,0,0,Uncommon,,,,,,,,,,,,,,,,,,,,,,,,,,,,,,,,,,,,,,,,,,,,,,,,,,
sfd-214,2,Power Nexus,,,any,,,,,Battlefield,Spiritforged,1,0,1,Uncommon,,,,,,,,,,,,,,,,,,,,,,,,,,,,,,,,,,,,,,,,,,,,,,,,,,
sfd-215,1,Ravenbloom Conservatory,,,any,,,,,Battlefield,Spiritforged,1,0,0,Uncommon,,,,,,,,,,,,,,,,,,,,,,,,,,,,,,,,,,,,,,,,,,,,,,,,,,
sfd-216,2,Rockfall Path,,,any,,,,,Battlefield,Spiritforged,1,0,1,Uncommon,,,,,,,,,,,,,,,,,,,,,,,,,,,,,,,,,,,,,,,,,,,,,,,,,,
sfd-217,1,Seat of Power,,,any,,,,,Battlefield,Spiritforged,1,0,0,Uncommon,,,,,,,,,,,,,,,,,,,,,,,,,,,,,,,,,,,,,,,,,,,,,,,,,,
sfd-218,1,Sunken Temple,,,any,,,,,Battlefield,Spiritforged,1,0,0,Uncommon,,,,,,,,,,,,,,,,,,,,,,,,,,,,,,,,,,,,,,,,,,,,,,,,,,
sfd-219,1,The Papertree,,,any,,,,,Battlefield,Spiritforged,1,0,0,Uncommon,,,,,,,,,,,,,,,,,,,,,,,,,,,,,,,,,,,,,,,,,,,,,,,,,,
sfd-220,2,Treasure Hoard,,,any,,,,,Battlefield,Spiritforged,1,0,1,Uncommon,,,,,,,,,,,,,,,,,,,,,,,,,,,,,,,,,,,,,,,,,,,,,,,,,,
sfd-221,1,Veiled Temple,,,any,,,,,Battlefield,Spiritforged,1,0,0,Uncommon,,,,,,,,,,,,,,,,,,,,,,,,,,,,,,,,,,,,,,,,,,,,,,,,,,
sfd-222,0,Seal of Rage,,,,,,1,,Gear,Spiritforged,3,3,0,Showcase,,,,,,,,,,,,,,,,,,,,,,,,,,,,,,,,,,,,,,,,,,,,,,,,,,
sfd-223,0,"Vayne, Hunter",,,,,2,1,,Unit,Spiritforged,3,3,0,Showcase,,,,,,,,,,,,,,,,,,,,,,,,,,,,,,,,,,,,,,,,,,,,,,,,,,
sfd-224,0,"Aphelios, Exalted",,,,,4,1,,Unit,Spiritforged,3,3,0,Showcase,,,,,,,,,,,,,,,,,,,,,,,,,,,,,,,,,,,,,,,,,,,,,,,,,,
sfd-225,0,"Irelia, Fervent",,,,,4,,,Unit,Spiritforged,3,3,0,Showcase,,,,,,,,,,,,,,,,,,,,,,,,,,,,,,,,,,,,,,,,,,,,,,,,,,
sfd-226,0,Seal of Focus,,,,,,1,,Gear,Spiritforged,3,3,0,Showcase,,,,,,,,,,,,,,,,,,,,,,,,,,,,,,,,,,,,,,,,,,,,,,,,,,
sfd-227,0,"Ahri, Inquisitive",,,,,3,1,,Unit,Spiritforged,3,3,0,Showcase,,,,,,,,,,,,,,,,,,,,,,,,,,,,,,,,,,,,,,,,,,,,,,,,,,
sfd-228,0,"Bard, Mercurial",,,,,4,1,,Unit,Spiritforged,3,3,0,Showcase,,,,,,,,,,,,,,,,,,,,,,,,,,,,,,,,,,,,,,,,,,,,,,,,,,
sfd-229,0,Seal of Insight,,,,,,1,,Gear,Spiritforged,3,3,0,Showcase,,,,,,,,,,,,,,,,,,,,,,,,,,,,,,,,,,,,,,,,,,,,,,,,,,
sfd-230,0,"Teemo, Strategist",,,,,2,1,,Unit,Spiritforged,3,3,0,Showcase,,,,,,,,,,,,,,,,,,,,,,,,,,,,,,,,,,,,,,,,,,,,,,,,,,
sfd-231,0,Seal of Strength,,,,,,1,,Gear,Spiritforged,3,3,0,Showcase,,,,,,,,,,,,,,,,,,,,,,,,,,,,,,,,,,,,,,,,,,,,,,,,,,
sfd-232,0,"Sett, Brawler",,,,,4,1,,Unit,Spiritforged,3,3,0,Showcase,,,,,,,,,,,,,,,,,,,,,,,,,,,,,,,,,,,,,,,,,,,,,,,,,,
sfd-233,0,"Yone, Blademaster",,,,,5,1,,Unit,Spiritforged,3,3,0,Showcase,,,,,,,,,,,,,,,,,,,,,,,,,,,,,,,,,,,,,,,,,,,,,,,,,,
sfd-234,0,Seal of Discord,,,,,,1,,Gear,Spiritforged,3,3,0,Showcase,,,,,,,,,,,,,,,,,,,,,,,,,,,,,,,,,,,,,,,,,,,,,,,,,,
sfd-235,0,"Yasuo, Windrider",,,,,4,1,,Unit,Spiritforged,3,3,0,Showcase,,,,,,,,,,,,,,,,,,,,,,,,,,,,,,,,,,,,,,,,,,,,,,,,,,
sfd-236,0,"Darius, Executioner",,,,,6,1,,Unit,Spiritforged,3,3,0,Showcase,,,,,,,,,,,,,,,,,,,,,,,,,,,,,,,,,,,,,,,,,,,,,,,,,,
sfd-237,0,"Karma, Channeler",,,,,6,1,,Unit,Spiritforged,3,3,0,Showcase,,,,,,,,,,,,,,,,,,,,,,,,,,,,,,,,,,,,,,,,,,,,,,,,,,
sfd-238,0,Seal of Unity,,,,,,1,,Gear,Spiritforged,3,3,0,Showcase,,,,,,,,,,,,,,,,,,,,,,,,,,,,,,,,,,,,,,,,,,,,,,,,,,
sfd-239,0,"Soraka, Wanderer",,,,,4,1,,Unit,Spiritforged,3,3,0,Showcase,,,,,,,,,,,,,,,,,,,,,,,,,,,,,,,,,,,,,,,,,,,,,,,,,,
sfd-240,0,Mechanized Menace,,,,,,,,Legend,Spiritforged,1,1,0,Showcase,,,,,,,,,,,,,,,,,,,,,,,,,,,,,,,,,,,,,,,,,,,,,,,,,,
sfd-241,0,Purifier,,,,,,,,Legend,Spiritforged,1,1,0,Showcase,,,,,,,,,,,,,,,,,,,,,,,,,,,,,,,,,,,,,,,,,,,,,,,,,,
sfd-242,0,Glorious Executioner,,,,,,,,Legend,Spiritforged,1,1,0,Showcase,,,,,,,,,,,,,,,,,,,,,,,,,,,,,,,,,,,,,,,,,,,,,,,,,,
sfd-243,0,Void Burrower,,,,,,,,Legend,Spiritforged,1,1,0,Showcase,,,,,,,,,,,,,,,,,,,,,,,,,,,,,,,,,,,,,,,,,,,,,,,,,,
sfd-244,0,Fire Below the Mountain,,,,,,,,Legend,Spiritforged,1,1,0,Showcase,,,,,,,,,,,,,,,,,,,,,,,,,,,,,,,,,,,,,,,,,,,,,,,,,,
sfd-245,0,Grandmaster at Arms,,,,,,,,Legend,Spiritforged,1,1,0,Showcase,,,,,,,,,,,,,,,,,,,,,,,,,,,,,,,,,,,,,,,,,,,,,,,,,,
sfd-246,0,Blade Dancer,,,,,,,,Legend,Spiritforged,1,1,0,Showcase,,,,,,,,,,,,,,,,,,,,,,,,,,,,,,,,,,,,,,,,,,,,,,,,,,
sfd-247,0,Emperor of the Sands,,,,,,,,Legend,Spiritforged,1,1,0,Showcase,,,,,,,,,,,,,,,,,,,,,,,,,,,,,,,,,,,,,,,,,,,,,,,,,,
sfd-248,0,Prodigal Explorer,,,,,,,,Legend,Spiritforged,1,1,0,Showcase,,,,,,,,,,,,,,,,,,,,,,,,,,,,,,,,,,,,,,,,,,,,,,,,,,
sfd-249,0,Chem-Baroness,,,,,,,,Legend,Spiritforged,1,1,0,Showcase,,,,,,,,,,,,,,,,,,,,,,,,,,,,,,,,,,,,,,,,,,,,,,,,,,
sfd-250,0,Battle Mistress,,,,,,,,Legend,Spiritforged,1,1,0,Showcase,,,,,,,,,,,,,,,,,,,,,,,,,,,,,,,,,,,,,,,,,,,,,,,,,,
sfd-251,0,Grand Duelist,,,,,,,,Legend,Spiritforged,1,1,0,Showcase,,,,,,,,,,,,,,,,,,,,,,,,,,,,,,,,,,,,,,,,,,,,,,,,,,
sfd-t03,6,Gold,,,any,,,,,Gear,Spiritforged,3,0,3,Common,,,,,,,,,,,,,,,,,,,,,,,,,,,,,,,,,,,,,,,,,,,,,,,,,,
unl-001,0,Arena Kingpin,,,,,3,,,Unit,Unleased,3,3,0,Common,,,,,,,,,,,,,,,,,,,,,,,,,,,,,,,,,,,,,,,,,,,,,,,,,,
unl-002,0,Inferna,,,,,1,,,Unit,Unleased,3,3,0,Common,,,,,,,,,,,,,,,,,,,,,,,,,,,,,,,,,,,,,,,,,,,,,,,,,,
unl-003,0,Mischievous Marai,,,,,2,,,Unit,Unleased,3,3,0,Common,,,,,,,,,,,,,,,,,,,,,,,,,,,,,,,,,,,,,,,,,,,,,,,,,,
unl-004,0,Prepared Neophyte,,,,,1,,,Unit,Unleased,3,3,0,Common,,,,,,,,,,,,,,,,,,,,,,,,,,,,,,,,,,,,,,,,,,,,,,,,,,
unl-005,0,Revna the Lorekeeper,,,,,7,1,,Unit,Unleased,3,3,0,Common,,,,,,,,,,,,,,,,,,,,,,,,,,,,,,,,,,,,,,,,,,,,,,,,,,
unl-006,0,Sharkling,,,,,1,,,Unit,Unleased,3,3,0,Common,,,,,,,,,,,,,,,,,,,,,,,,,,,,,,,,,,,,,,,,,,,,,,,,,,
unl-007,0,Smite,,,,,,1,,Spell,Unleased,3,3,0,Common,,,,,,,,,,,,,,,,,,,,,,,,,,,,,,,,,,,,,,,,,,,,,,,,,,
unl-008,0,Towering Pairofant,,,,,6,,,Unit,Unleased,3,3,0,Common,,,,,,,,,,,,,,,,,,,,,,,,,,,,,,,,,,,,,,,,,,,,,,,,,,
unl-009,0,Upstage Comedy,,,,,,,,Spell,Unleased,3,3,0,Common,,,,,,,,,,,,,,,,,,,,,,,,,,,,,,,,,,,,,,,,,,,,,,,,,,
unl-010,0,Vault Breaker,,,,,,1,,Spell,Unleased,3,3,0,Common,,,,,,,,,,,,,,,,,,,,,,,,,,,,,,,,,,,,,,,,,,,,,,,,,,
unl-011,0,Fresh Beans,,,,,,,,Gear,Unleased,3,3,0,Uncommon,,,,,,,,,,,,,,,,,,,,,,,,,,,,,,,,,,,,,,,,,,,,,,,,,,
unl-012,0,Lord Broadmane,,,,,5,1,,Unit,Unleased,3,3,0,Uncommon,,,,,,,,,,,,,,,,,,,,,,,,,,,,,,,,,,,,,,,,,,,,,,,,,,
unl-013,0,Lotus Trap,,,,,,,,Spell,Unleased,3,3,0,Uncommon,,,,,,,,,,,,,,,,,,,,,,,,,,,,,,,,,,,,,,,,,,,,,,,,,,
unl-014,0,Monster Harpoon,,,,,,1,,Spell,Unleased,3,3,0,Uncommon,,,,,,,,,,,,,,,,,,,,,,,,,,,,,,,,,,,,,,,,,,,,,,,,,,
unl-015,0,Right of Conquest,,,,,,1,,Spell,Unleased,3,3,0,Uncommon,,,,,,,,,,,,,,,,,,,,,,,,,,,,,,,,,,,,,,,,,,,,,,,,,,
unl-016,0,Scorchclaw,,,,,3,1,,Unit,Unleased,3,3,0,Uncommon,,,,,,,,,,,,,,,,,,,,,,,,,,,,,,,,,,,,,,,,,,,,,,,,,,
unl-017,0,Square Up,,,,,,,,Spell,Unleased,3,3,0,Uncommon,,,,,,,,,,,,,,,,,,,,,,,,,,,,,,,,,,,,,,,,,,,,,,,,,,
unl-018,0,Yeti Brawler,,,,,6,,,Unit,Unleased,3,3,0,Uncommon,,,,,,,,,,,,,,,,,,,,,,,,,,,,,,,,,,,,,,,,,,,,,,,,,,
unl-019,0,Blighted Battleaxe,,,,,,,,Gear,Unleased,3,3,0,Rare,,,,,,,,,,,,,,,,,,,,,,,,,,,,,,,,,,,,,,,,,,,,,,,,,,
unl-020,0,Dancing Grenade,,,,,,1,,Spell,Unleased,3,3,0,Rare,,,,,,,,,,,,,,,,,,,,,,,,,,,,,,,,,,,,,,,,,,,,,,,,,,
unl-021,0,Grim Apothecary,,,,,3,,,Unit,Unleased,3,3,0,Rare,,,,,,,,,,,,,,,,,,,,,,,,,,,,,,,,,,,,,,,,,,,,,,,,,,
unl-022,0,"Jhin, Murderous Artist",,,,,4,1,,Unit,Unleased,3,3,0,Rare,,,,,,,,,,,,,,,,,,,,,,,,,,,,,,,,,,,,,,,,,,,,,,,,,,
unl-023,0,"Katarina, Reckless",,,,,5,1,,Unit,Unleased,3,3,0,Rare,,,,,,,,,,,,,,,,,,,,,,,,,,,,,,,,,,,,,,,,,,,,,,,,,,
unl-024,0,"Rengar, Unseen",,,,,4,1,,Unit,Unleased,3,3,0,Rare,,,,,,,,,,,,,,,,,,,,,,,,,,,,,,,,,,,,,,,,,,,,,,,,,,
unl-025,0,Undying Legion,,,,,3,,,Unit,Unleased,3,3,0,Rare,,,,,,,,,,,,,,,,,,,,,,,,,,,,,,,,,,,,,,,,,,,,,,,,,,
unl-026,0,"Xerath, Freed",,,,,5,,,Unit,Unleased,3,3,0,Rare,,,,,,,,,,,,,,,,,,,,,,,,,,,,,,,,,,,,,,,,,,,,,,,,,,
unl-027,0,Inviolus Vox,,,,,8,2,,Unit,Unleased,3,3,0,Epic,,,,,,,,,,,,,,,,,,,,,,,,,,,,,,,,,,,,,,,,,,,,,,,,,,
unl-028,0,"Pyke, Dockside Butcher",,,,,2,,,Unit,Unleased,3,3,0,Epic,,,,,,,,,,,,,,,,,,,,,,,,,,,,,,,,,,,,,,,,,,,,,,,,,,
unl-029,0,Red Brambleback,,,,,4,1,,Unit,Unleased,3,3,0,Epic,,,,,,,,,,,,,,,,,,,,,,,,,,,,,,,,,,,,,,,,,,,,,,,,,,
unl-030,0,"Vi, Hotheaded",,,,,3,,,Unit,Unleased,3,3,0,Epic,,,,,,,,,,,,,,,,,,,,,,,,,,,,,,,,,,,,,,,,,,,,,,,,,,
unl-031,0,Combat Experience,,,,,,,,Spell,Unleased,3,3,0,Common,,,,,,,,,,,,,,,,,,,,,,,,,,,,,,,,,,,,,,,,,,,,,,,,,,
unl-032,0,Double Trouble,,,,,,,,Spell,Unleased,3,3,0,Common,,,,,,,,,,,,,,,,,,,,,,,,,,,,,,,,,,,,,,,,,,,,,,,,,,
unl-033,0,Frisky Hunter,,,,,3,,,Unit,Unleased,3,3,0,Common,,,,,,,,,,,,,,,,,,,,,,,,,,,,,,,,,,,,,,,,,,,,,,,,,,
unl-034,0,Herald of Spring,,,,,4,1,,Unit,Unleased,3,3,0,Common,,,,,,,,,,,,,,,,,,,,,,,,,,,,,,,,,,,,,,,,,,,,,,,,,,
unl-035,0,Monch,,,,,6,,,Unit,Unleased,3,3,0,Common,,,,,,,,,,,,,,,,,,,,,,,,,,,,,,,,,,,,,,,,,,,,,,,,,,
unl-036,0,Mutated Mouser,,,,,1,,,Unit,Unleased,3,3,0,Common,,,,,,,,,,,,,,,,,,,,,,,,,,,,,,,,,,,,,,,,,,,,,,,,,,
unl-037,0,Shadow Watcher,,,,,5,1,,Unit,Unleased,3,3,0,Common,,,,,,,,,,,,,,,,,,,,,,,,,,,,,,,,,,,,,,,,,,,,,,,,,,
unl-038,0,Skyward Strike,,,,,,1,,Spell,Unleased,3,3,0,Common,,,,,,,,,,,,,,,,,,,,,,,,,,,,,,,,,,,,,,,,,,,,,,,,,,
unl-039,0,Soul Sword,,,,,,,,Gear,Unleased,3,3,0,Common,,,,,,,,,,,,,,,,,,,,,,,,,,,,,,,,,,,,,,,,,,,,,,,,,,
unl-040,0,Wuju Apprentice,,,,,2,,,Unit,Unleased,3,3,0,Common,,,,,,,,,,,,,,,,,,,,,,,,,,,,,,,,,,,,,,,,,,,,,,,,,,
unl-041,0,"Allay, Eager Admirer",,,,,3,,,Unit,Unleased,3,3,0,Uncommon,,,,,,,,,,,,,,,,,,,,,,,,,,,,,,,,,,,,,,,,,,,,,,,,,,
unl-042,0,Back Off,,,,,,,,Spell,Unleased,3,3,0,Uncommon,,,,,,,,,,,,,,,,,,,,,,,,,,,,,,,,,,,,,,,,,,,,,,,,,,
unl-043,0,Enthusiastic Promoter,,,,,2,,,Unit,Unleased,3,3,0,Uncommon,,,,,,,,,,,,,,,,,,,,,,,,,,,,,,,,,,,,,,,,,,,,,,,,,,
unl-044,0,Flurry of Feathers,,,,,,2,,Spell,Unleased,3,3,0,Uncommon,,,,,,,,,,,,,,,,,,,,,,,,,,,,,,,,,,,,,,,,,,,,,,,,,,
unl-045,0,Forgotten Signpost,,,,,,,,Gear,Unleased,3,3,0,Uncommon,,,,,,,,,,,,,,,,,,,,,,,,,,,,,,,,,,,,,,,,,,,,,,,,,,
unl-046,0,Friendship,,,,,,,,Spell,Unleased,3,3,0,Uncommon,,,,,,,,,,,,,,,,,,,,,,,,,,,,,,,,,,,,,,,,,,,,,,,,,,
unl-047,0,Mosstomper,,,,,3,1,,Unit,Unleased,3,3,0,Uncommon,,,,,,,,,,,,,,,,,,,,,,,,,,,,,,,,,,,,,,,,,,,,,,,,,,
unl-048,0,Trevor Snoozebottom,,,,,3,,,Unit,Unleased,3,3,0,Uncommon,,,,,,,,,,,,,,,,,,,,,,,,,,,,,,,,,,,,,,,,,,,,,,,,,,
unl-049,0,Honeyfruit,,,,,,,,Gear,Unleased,3,3,0,Rare,,,,,,,,,,,,,,,,,,,,,,,,,,,,,,,,,,,,,,,,,,,,,,,,,,
unl-050,0,Iascylla,,,,,6,1,,Unit,Unleased,3,3,0,Rare,,,,,,,,,,,,,,,,,,,,,,,,,,,,,,,,,,,,,,,,,,,,,,,,,,
unl-051,0,"Ivern, Nurturer",,,,,4,1,,Unit,Unleased,3,3,0,Rare,,,,,,,,,,,,,,,,,,,,,,,,,,,,,,,,,,,,,,,,,,,,,,,,,,
unl-052,0,"Nami, Headstrong",,,,,3,,,Unit,Unleased,3,3,0,Rare,,,,,,,,,,,,,,,,,,,,,,,,,,,,,,,,,,,,,,,,,,,,,,,,,,
unl-053,0,Scuttle Crab,,,,,0,,,Unit,Unleased,3,3,0,Rare,,,,,,,,,,,,,,,,,,,,,,,,,,,,,,,,,,,,,,,,,,,,,,,,,,
unl-054,0,Tricksy Tentacles,,,,,,1,,Spell,Unleased,3,3,0,Rare,,,,,,,,,,,,,,,,,,,,,,,,,,,,,,,,,,,,,,,,,,,,,,,,,,
unl-055,0,"Vex, Mocking",,,,,5,1,,Unit,Unleased,3,3,0,Rare,,,,,,,,,,,,,,,,,,,,,,,,,,,,,,,,,,,,,,,,,,,,,,,,,,
unl-056,0,"Yuumi, Magical Cat",,,,,1,1,,Unit,Unleased,3,3,0,Rare,,,,,,,,,,,,,,,,,,,,,,,,,,,,,,,,,,,,,,,,,,,,,,,,,,
unl-057,0,Alpha Wildclaw,,,,,7,2,,Unit,Unleased,3,3,0,Epic,,,,,,,,,,,,,,,,,,,,,,,,,,,,,,,,,,,,,,,,,,,,,,,,,,
unl-058,0,"Lillia, Protector of Dreams",,,,,4,,,Unit,Unleased,3,3,0,Epic,,,,,,,,,,,,,,,,,,,,,,,,,,,,,,,,,,,,,,,,,,,,,,,,,,
unl-059,0,"Master Yi, Unstoppable",,,,,12,3,,Unit,Unleased,3,3,0,Epic,,,,,,,,,,,,,,,,,,,,,,,,,,,,,,,,,,,,,,,,,,,,,,,,,,
unl-060,0,Vilemaw,,,,,8,2,,Unit,Unleased,3,3,0,Epic,,,,,,,,,,,,,,,,,,,,,,,,,,,,,,,,,,,,,,,,,,,,,,,,,,
unl-061,0,Downstage Dramatics,,,,,,,,Spell,Unleased,3,3,0,Common,,,,,,,,,,,,,,,,,,,,,,,,,,,,,,,,,,,,,,,,,,,,,,,,,,
unl-062,0,Dramatic Visionary,,,,,4,,,Unit,Unleased,3,3,0,Common,,,,,,,,,,,,,,,,,,,,,,,,,,,,,,,,,,,,,,,,,,,,,,,,,,
unl-063,0,Eclipse,,,,,,,,Spell,Unleased,3,3,0,Common,,,,,,,,,,,,,,,,,,,,,,,,,,,,,,,,,,,,,,,,,,,,,,,,,,
unl-064,0,Fate Weaver,,,,,4,,,Unit,Unleased,3,3,0,Common,,,,,,,,,,,,,,,,,,,,,,,,,,,,,,,,,,,,,,,,,,,,,,,,,,
unl-065,0,Icevale Archer,,,,,2,,,Unit,Unleased,3,3,0,Common,,,,,,,,,,,,,,,,,,,,,,,,,,,,,,,,,,,,,,,,,,,,,,,,,,
unl-066,0,Moonlight Affliction,,,,,,,,Spell,Unleased,3,3,0,Common,,,,,,,,,,,,,,,,,,,,,,,,,,,,,,,,,,,,,,,,,,,,,,,,,,
unl-067,0,Ruined Rex,,,,,6,1,,Unit,Unleased,3,3,0,Common,,,,,,,,,,,,,,,,,,,,,,,,,,,,,,,,,,,,,,,,,,,,,,,,,,
unl-068,0,Spectral Centaur,,,,,5,,,Unit,Unleased,3,3,0,Common,,,,,,,,,,,,,,,,,,,,,,,,,,,,,,,,,,,,,,,,,,,,,,,,,,
unl-069,0,Sprite Burst,,,,,,,,Spell,Unleased,3,3,0,Common,,,,,,,,,,,,,,,,,,,,,,,,,,,,,,,,,,,,,,,,,,,,,,,,,,
unl-070,0,Turn to Dust,,,,,,,,Spell,Unleased,3,3,0,Common,,,,,,,,,,,,,,,,,,,,,,,,,,,,,,,,,,,,,,,,,,,,,,,,,,
unl-071,0,Chakram Dancer,,,,,3,,,Unit,Unleased,3,3,0,Uncommon,,,,,,,,,,,,,,,,,,,,,,,,,,,,,,,,,,,,,,,,,,,,,,,,,,
unl-072,0,Crescent Strike,,,,,,1,,Spell,Unleased,3,3,0,Uncommon,,,,,,,,,,,,,,,,,,,,,,,,,,,,,,,,,,,,,,,,,,,,,,,,,,
unl-073,0,Deadly Flourish,,,,,,,,Spell,Unleased,3,3,0,Uncommon,,,,,,,,,,,,,,,,,,,,,,,,,,,,,,,,,,,,,,,,,,,,,,,,,,
unl-074,0,Frigid Jewel,,,,,,,,Gear,Unleased,3,3,0,Uncommon,,,,,,,,,,,,,,,,,,,,,,,,,,,,,,,,,,,,,,,,,,,,,,,,,,
unl-075,0,Gustwalker,,,,,3,1,,Unit,Unleased,3,3,0,Uncommon,,,,,,,,,,,,,,,,,,,,,,,,,,,,,,,,,,,,,,,,,,,,,,,,,,
unl-076,0,Petal Pixie,,,,,2,,,Unit,Unleased,3,3,0,Uncommon,,,,,,,,,,,,,,,,,,,,,,,,,,,,,,,,,,,,,,,,,,,,,,,,,,
unl-077,0,Soul Shepherd,,,,,3,,,Unit,Unleased,3,3,0,Uncommon,,,,,,,,,,,,,,,,,,,,,,,,,,,,,,,,,,,,,,,,,,,,,,,,,,
unl-078,0,Sprite Fountain,,,,,,1,,Gear,Unleased,3,3,0,Uncommon,,,,,,,,,,,,,,,,,,,,,,,,,,,,,,,,,,,,,,,,,,,,,,,,,,
unl-079,0,"Diana, Lunari",,,,,3,,,Unit,Unleased,3,3,0,Rare,,,,,,,,,,,,,,,,,,,,,,,,,,,,,,,,,,,,,,,,,,,,,,,,,,
unl-080,0,"Hwei, Brooding Painter",,,,,5,1,,Unit,Unleased,3,3,0,Rare,,,,,,,,,,,,,,,,,,,,,,,,,,,,,,,,,,,,,,,,,,,,,,,,,,
unl-081,0,Keeper of Masks,,,,,1,,,Unit,Unleased,3,3,0,Rare,,,,,,,,,,,,,,,,,,,,,,,,,,,,,,,,,,,,,,,,,,,,,,,,,,
unl-082,0,"Lillia, Fae Fawn",,,,,3,,,Unit,Unleased,3,3,0,Rare,,,,,,,,,,,,,,,,,,,,,,,,,,,,,,,,,,,,,,,,,,,,,,,,,,
unl-083,0,Smoke and Mirrors,,,,,,,,Spell,Unleased,3,3,0,Rare,,,,,,,,,,,,,,,,,,,,,,,,,,,,,,,,,,,,,,,,,,,,,,,,,,
unl-084,0,Sprite Queen,,,,,6,1,,Unit,Unleased,3,3,0,Rare,,,,,,,,,,,,,,,,,,,,,,,,,,,,,,,,,,,,,,,,,,,,,,,,,,
unl-085,0,Sumpworks Map,,,,,,,,Gear,Unleased,3,3,0,Rare,,,,,,,,,,,,,,,,,,,,,,,,,,,,,,,,,,,,,,,,,,,,,,,,,,
unl-086,0,"Zilean, Time Mage",,,,,5,1,,Unit,Unleased,3,3,0,Rare,,,,,,,,,,,,,,,,,,,,,,,,,,,,,,,,,,,,,,,,,,,,,,,,,,
unl-087,0,Blue Sentinel,,,,,4,1,,Unit,Unleased,3,3,0,Epic,,,,,,,,,,,,,,,,,,,,,,,,,,,,,,,,,,,,,,,,,,,,,,,,,,
unl-088,0,Gutter Palace,,,,,,,,Gear,Unleased,3,3,0,Epic,,,,,,,,,,,,,,,,,,,,,,,,,,,,,,,,,,,,,,,,,,,,,,,,,,
unl-089,0,"Jhin, Meticulous Killer",,,,,4,,,Unit,Unleased,3,3,0,Epic,,,,,,,,,,,,,,,,,,,,,,,,,,,,,,,,,,,,,,,,,,,,,,,,,,
unl-090,0,"LeBlanc, Everywhere at Once",,,,,4,,,Unit,Unleased,3,3,0,Epic,,,,,,,,,,,,,,,,,,,,,,,,,,,,,,,,,,,,,,,,,,,,,,,,,,
unl-091,0,Concentrate,,,,,,,,Spell,Unleased,3,3,0,Common,,,,,,,,,,,,,,,,,,,,,,,,,,,,,,,,,,,,,,,,,,,,,,,,,,
unl-092,0,Demacian Diplomat,,,,,2,,,Unit,Unleased,3,3,0,Common,,,,,,,,,,,,,,,,,,,,,,,,,,,,,,,,,,,,,,,,,,,,,,,,,,
unl-093,0,Dragonsoul Sage,,,,,1,,,Unit,Unleased,3,3,0,Common,,,,,,,,,,,,,,,,,,,,,,,,,,,,,,,,,,,,,,,,,,,,,,,,,,
unl-094,0,Gemhand Hunter,,,,,2,,,Unit,Unleased,3,3,0,Common,,,,,,,,,,,,,,,,,,,,,,,,,,,,,,,,,,,,,,,,,,,,,,,,,,
unl-095,0,Grim Resolve,,,,,,,,Spell,Unleased,3,3,0,Common,,,,,,,,,,,,,,,,,,,,,,,,,,,,,,,,,,,,,,,,,,,,,,,,,,
unl-096,0,Hunter's Machete,,,,,,,,Gear,Unleased,3,3,0,Common,,,,,,,,,,,,,,,,,,,,,,,,,,,,,,,,,,,,,,,,,,,,,,,,,,
unl-097,0,Kinkou Initiate,,,,,3,,,Unit,Unleased,3,3,0,Common,,,,,,,,,,,,,,,,,,,,,,,,,,,,,,,,,,,,,,,,,,,,,,,,,,
unl-098,0,Targonian Visionary,,,,,6,,,Unit,Unleased,3,3,0,Common,,,,,,,,,,,,,,,,,,,,,,,,,,,,,,,,,,,,,,,,,,,,,,,,,,
unl-099,0,Towering Combatant,,,,,3,,,Unit,Unleased,3,3,0,Common,,,,,,,,,,,,,,,,,,,,,,,,,,,,,,,,,,,,,,,,,,,,,,,,,,
unl-100,0,Voracious Gromp,,,,,5,,,Unit,Unleased,3,3,0,Common,,,,,,,,,,,,,,,,,,,,,,,,,,,,,,,,,,,,,,,,,,,,,,,,,,
unl-101,0,Call to Battle,,,,,,,,Spell,Unleased,3,3,0,Uncommon,,,,,,,,,,,,,,,,,,,,,,,,,,,,,,,,,,,,,,,,,,,,,,,,,,
unl-102,0,Crowd Favorite,,,,,3,,,Unit,Unleased,3,3,0,Uncommon,,,,,,,,,,,,,,,,,,,,,,,,,,,,,,,,,,,,,,,,,,,,,,,,,,
unl-103,0,Disposal Order,,,,,,,,Spell,Unleased,3,3,0,Uncommon,,,,,,,,,,,,,,,,,,,,,,,,,,,,,,,,,,,,,,,,,,,,,,,,,,
unl-104,0,Gentle Gemdragon,,,,,8,,,Unit,Unleased,3,3,0,Uncommon,,,,,,,,,,,,,,,,,,,,,,,,,,,,,,,,,,,,,,,,,,,,,,,,,,
unl-105,0,Imposing Challenger,,,,,5,,,Unit,Unleased,3,3,0,Uncommon,,,,,,,,,,,,,,,,,,,,,,,,,,,,,,,,,,,,,,,,,,,,,,,,,,
unl-106,0,Repulse,,,,,,1,,Spell,Unleased,3,3,0,Uncommon,,,,,,,,,,,,,,,,,,,,,,,,,,,,,,,,,,,,,,,,,,,,,,,,,,
unl-107,0,Stare Down,,,,,,,,Spell,Unleased,3,3,0,Uncommon,,,,,,,,,,,,,,,,,,,,,,,,,,,,,,,,,,,,,,,,,,,,,,,,,,
unl-108,0,Wily Newtfish,,,,,4,,,Unit,Unleased,3,3,0,Uncommon,,,,,,,,,,,,,,,,,,,,,,,,,,,,,,,,,,,,,,,,,,,,,,,,,,
unl-109,0,Blood Rose,,,,,,,,Gear,Unleased,3,3,0,Rare,,,,,,,,,,,,,,,,,,,,,,,,,,,,,,,,,,,,,,,,,,,,,,,,,,
unl-110,0,Clash of Giants,,,,,,2,,Spell,Unleased,3,3,0,Rare,,,,,,,,,,,,,,,,,,,,,,,,,,,,,,,,,,,,,,,,,,,,,,,,,,
unl-111,0,Determined Sentry,,,,,1,,,Unit,Unleased,3,3,0,Rare,,,,,,,,,,,,,,,,,,,,,,,,,,,,,,,,,,,,,,,,,,,,,,,,,,
unl-112,0,Irresistible Faefolk,,,,,1,,,Unit,Unleased,3,3,0,Rare,,,,,,,,,,,,,,,,,,,,,,,,,,,,,,,,,,,,,,,,,,,,,,,,,,
unl-113,0,"Master Yi, Tempered",,,,,4,,,Unit,Unleased,3,3,0,Rare,,,,,,,,,,,,,,,,,,,,,,,,,,,,,,,,,,,,,,,,,,,,,,,,,,
unl-114,0,"Nidalee, Cat Form",,,,,4,1,,Unit,Unleased,3,3,0,Rare,,,,,,,,,,,,,,,,,,,,,,,,,,,,,,,,,,,,,,,,,,,,,,,,,,
unl-115,0,"Nilah, Joyful Ascetic",,,,,4,1,,Unit,Unleased,3,3,0,Rare,,,,,,,,,,,,,,,,,,,,,,,,,,,,,,,,,,,,,,,,,,,,,,,,,,
unl-116,0,"Poppy, Paragon",,,,,5,,,Unit,Unleased,3,3,0,Rare,,,,,,,,,,,,,,,,,,,,,,,,,,,,,,,,,,,,,,,,,,,,,,,,,,
unl-117,0,Arachnoid Horror,,,,,6,1,,Unit,Unleased,3,3,0,Epic,,,,,,,,,,,,,,,,,,,,,,,,,,,,,,,,,,,,,,,,,,,,,,,,,,
unl-118,0,Elder Dragon,,,,,10,4,,Unit,Unleased,3,3,0,Epic,,,,,,,,,,,,,,,,,,,,,,,,,,,,,,,,,,,,,,,,,,,,,,,,,,
unl-119,0,"Kha'Zix, Evolving Hunter",,,,,5,1,,Unit,Unleased,3,3,0,Epic,,,,,,,,,,,,,,,,,,,,,,,,,,,,,,,,,,,,,,,,,,,,,,,,,,
unl-120,0,"Rengar, Trophy Hunter",,,,,6,1,,Unit,Unleased,3,3,0,Epic,,,,,,,,,,,,,,,,,,,,,,,,,,,,,,,,,,,,,,,,,,,,,,,,,,
unl-121,0,Bewitching Spirit,,,,,2,,,Unit,Unleased,3,3,0,Common,,,,,,,,,,,,,,,,,,,,,,,,,,,,,,,,,,,,,,,,,,,,,,,,,,
unl-122,0,Crescent Guardian,,,,,4,,,Unit,Unleased,3,3,0,Common,,,,,,,,,,,,,,,,,,,,,,,,,,,,,,,,,,,,,,,,,,,,,,,,,,
unl-123,0,Evershade Stalker,,,,,3,,,Unit,Unleased,3,3,0,Common,,,,,,,,,,,,,,,,,,,,,,,,,,,,,,,,,,,,,,,,,,,,,,,,,,
unl-124,0,Isolate,,,,,,,,Spell,Unleased,3,3,0,Common,,,,,,,,,,,,,,,,,,,,,,,,,,,,,,,,,,,,,,,,,,,,,,,,,,
unl-125,0,Lunar Boon,,,,,,,,Spell,Unleased,3,3,0,Common,,,,,,,,,,,,,,,,,,,,,,,,,,,,,,,,,,,,,,,,,,,,,,,,,,
unl-126,0,Megatusk,,,,,6,,,Unit,Unleased,3,3,0,Common,,,,,,,,,,,,,,,,,,,,,,,,,,,,,,,,,,,,,,,,,,,,,,,,,,
unl-127,0,Mister Root,,,,,1,,,Unit,Unleased,3,3,0,Common,,,,,,,,,,,,,,,,,,,,,,,,,,,,,,,,,,,,,,,,,,,,,,,,,,
unl-128,0,Star-Crossed,,,,,,1,,Spell,Unleased,3,3,0,Common,,,,,,,,,,,,,,,,,,,,,,,,,,,,,,,,,,,,,,,,,,,,,,,,,,
unl-129,0,Vicious Snapjaws,,,,,5,,,Unit,Unleased,3,3,0,Common,,,,,,,,,,,,,,,,,,,,,,,,,,,,,,,,,,,,,,,,,,,,,,,,,,
unl-130,0,Walking Roost,,,,,6,,,Unit,Unleased,3,3,0,Common,,,,,,,,,,,,,,,,,,,,,,,,,,,,,,,,,,,,,,,,,,,,,,,,,,
unl-131,0,Abandon,,,,,,,,Spell,Unleased,3,3,0,Uncommon,,,,,,,,,,,,,,,,,,,,,,,,,,,,,,,,,,,,,,,,,,,,,,,,,,
unl-132,0,Angler Beast,,,,,5,1,,Unit,Unleased,3,3,0,Uncommon,,,,,,,,,,,,,,,,,,,,,,,,,,,,,,,,,,,,,,,,,,,,,,,,,,
unl-133,0,Blast Cone,,,,,,1,,Gear,Unleased,3,3,0,Uncommon,,,,,,,,,,,,,,,,,,,,,,,,,,,,,,,,,,,,,,,,,,,,,,,,,,
unl-134,0,Existential Dread,,,,,,1,,Spell,Unleased,3,3,0,Uncommon,,,,,,,,,,,,,,,,,,,,,,,,,,,,,,,,,,,,,,,,,,,,,,,,,,
unl-135,0,Insightful Investigator,,,,,3,,,Unit,Unleased,3,3,0,Uncommon,,,,,,,,,,,,,,,,,,,,,,,,,,,,,,,,,,,,,,,,,,,,,,,,,,
unl-136,0,Scryer's Bloom,,,,,,,,Gear,Unleased,3,3,0,Uncommon,,,,,,,,,,,,,,,,,,,,,,,,,,,,,,,,,,,,,,,,,,,,,,,,,,
unl-137,0,Sinister Poro,,,,,1,1,,Unit,Unleased,3,3,0,Uncommon,,,,,,,,,,,,,,,,,,,,,,,,,,,,,,,,,,,,,,,,,,,,,,,,,,
unl-138,0,The List,,,,,,,,Gear,Unleased,3,3,0,Uncommon,,,,,,,,,,,,,,,,,,,,,,,,,,,,,,,,,,,,,,,,,,,,,,,,,,
unl-139,0,Bone Skewer,,,,,,1,,Spell,Unleased,3,3,0,Rare,,,,,,,,,,,,,,,,,,,,,,,,,,,,,,,,,,,,,,,,,,,,,,,,,,
unl-140,0,Conscription,,,,,,2,,Spell,Unleased,3,3,0,Rare,,,,,,,,,,,,,,,,,,,,,,,,,,,,,,,,,,,,,,,,,,,,,,,,,,
unl-141,0,"Evelynn, Entrancing",,,,,2,,,Unit,Unleased,3,3,0,Rare,,,,,,,,,,,,,,,,,,,,,,,,,,,,,,,,,,,,,,,,,,,,,,,,,,
unl-142,0,Heedless Resurrection,,,,,,1,,Spell,Unleased,3,3,0,Rare,,,,,,,,,,,,,,,,,,,,,,,,,,,,,,,,,,,,,,,,,,,,,,,,,,
unl-143,0,"Kha'Zix, Mutating Horror",,,,,4,1,,Unit,Unleased,3,3,0,Rare,,,,,,,,,,,,,,,,,,,,,,,,,,,,,,,,,,,,,,,,,,,,,,,,,,
unl-144,0,Maduli the Gatekeeper,,,,,6,1,,Unit,Unleased,3,3,0,Rare,,,,,,,,,,,,,,,,,,,,,,,,,,,,,,,,,,,,,,,,,,,,,,,,,,
unl-145,0,"Pyke, Returned",,,,,3,,,Unit,Unleased,3,3,0,Rare,,,,,,,,,,,,,,,,,,,,,,,,,,,,,,,,,,,,,,,,,,,,,,,,,,
unl-146,0,"Syndra, Transcendent",,,,,6,1,,Unit,Unleased,3,3,0,Rare,,,,,,,,,,,,,,,,,,,,,,,,,,,,,,,,,,,,,,,,,,,,,,,,,,
unl-147,0,Baron Nashor,,,,,12,3,,Unit,Unleased,3,3,0,Epic,,,,,,,,,,,,,,,,,,,,,,,,,,,,,,,,,,,,,,,,,,,,,,,,,,
unl-148,0,Cursed Sarcophagus,,,,,,1,,Gear,Unleased,3,3,0,Epic,,,,,,,,,,,,,,,,,,,,,,,,,,,,,,,,,,,,,,,,,,,,,,,,,,
unl-149,0,"Diana, No Longer Human",,,,,3,1,,Unit,Unleased,3,3,0,Epic,,,,,,,,,,,,,,,,,,,,,,,,,,,,,,,,,,,,,,,,,,,,,,,,,,
unl-150,0,"Vex, Apathetic",,,,,4,,,Unit,Unleased,3,3,0,Epic,,,,,,,,,,,,,,,,,,,,,,,,,,,,,,,,,,,,,,,,,,,,,,,,,,
unl-151,0,Bandle Soldier,,,,,5,1,,Unit,Unleased,3,3,0,Common,,,,,,,,,,,,,,,,,,,,,,,,,,,,,,,,,,,,,,,,,,,,,,,,,,
unl-152,0,Black Rose Dignitary,,,,,2,,,Unit,Unleased,3,3,0,Common,,,,,,,,,,,,,,,,,,,,,,,,,,,,,,,,,,,,,,,,,,,,,,,,,,
unl-153,0,Carrion Dredger,,,,,1,,,Unit,Unleased,3,3,0,Common,,,,,,,,,,,,,,,,,,,,,,,,,,,,,,,,,,,,,,,,,,,,,,,,,,
unl-154,0,Crimson Pigeons,,,,,3,,,Unit,Unleased,3,3,0,Common,,,,,,,,,,,,,,,,,,,,,,,,,,,,,,,,,,,,,,,,,,,,,,,,,,
unl-155,0,Heroic Charge,,,,,,,,Spell,Unleased,3,3,0,Common,,,,,,,,,,,,,,,,,,,,,,,,,,,,,,,,,,,,,,,,,,,,,,,,,,
unl-156,0,Loyal Poro,,,,,3,,,Unit,Unleased,3,3,0,Common,,,,,,,,,,,,,,,,,,,,,,,,,,,,,,,,,,,,,,,,,,,,,,,,,,
unl-157,0,Scrutinizing Sergeant,,,,,6,,,Unit,Unleased,3,3,0,Common,,,,,,,,,,,,,,,,,,,,,,,,,,,,,,,,,,,,,,,,,,,,,,,,,,
unl-158,0,Shepherd's Heirloom,,,,,,,,Gear,Unleased,3,3,0,Common,,,,,,,,,,,,,,,,,,,,,,,,,,,,,,,,,,,,,,,,,,,,,,,,,,
unl-159,0,Soul Harvest,,,,,,1,,Spell,Unleased,3,3,0,Common,,,,,,,,,,,,,,,,,,,,,,,,,,,,,,,,,,,,,,,,,,,,,,,,,,
unl-160,0,Ultrasoft Poro,,,,,5,,,Unit,Unleased,3,3,0,Common,,,,,,,,,,,,,,,,,,,,,,,,,,,,,,,,,,,,,,,,,,,,,,,,,,
unl-161,0,Divining Shells,,,,,,,,Gear,Unleased,3,3,0,Uncommon,,,,,,,,,,,,,,,,,,,,,,,,,,,,,,,,,,,,,,,,,,,,,,,,,,
unl-162,0,Enthralling Protector,,,,,2,,,Unit,Unleased,3,3,0,Uncommon,,,,,,,,,,,,,,,,,,,,,,,,,,,,,,,,,,,,,,,,,,,,,,,,,,
unl-163,0,Mageseeker Investigator,,,,,4,,,Unit,Unleased,3,3,0,Uncommon,,,,,,,,,,,,,,,,,,,,,,,,,,,,,,,,,,,,,,,,,,,,,,,,,,
unl-164,0,Safety Inspector,,,,,3,1,,Unit,Unleased,3,3,0,Uncommon,,,,,,,,,,,,,,,,,,,,,,,,,,,,,,,,,,,,,,,,,,,,,,,,,,
unl-165,0,Shadow's Call,,,,,,,,Spell,Unleased,3,3,0,Uncommon,,,,,,,,,,,,,,,,,,,,,,,,,,,,,,,,,,,,,,,,,,,,,,,,,,
unl-166,0,Stalking Wolf,,,,,6,1,,Unit,Unleased,3,3,0,Uncommon,,,,,,,,,,,,,,,,,,,,,,,,,,,,,,,,,,,,,,,,,,,,,,,,,,
unl-167,0,Starhound,,,,,6,1,,Unit,Unleased,3,3,0,Uncommon,,,,,,,,,,,,,,,,,,,,,,,,,,,,,,,,,,,,,,,,,,,,,,,,,,
unl-168,0,Undying Loyalty,,,,,,1,,Spell,Unleased,3,3,0,Uncommon,,,,,,,,,,,,,,,,,,,,,,,,,,,,,,,,,,,,,,,,,,,,,,,,,,
unl-169,0,"Ashe, Focused",,,,,4,1,,Unit,Unleased,3,3,0,Rare,,,,,,,,,,,,,,,,,,,,,,,,,,,,,,,,,,,,,,,,,,,,,,,,,,
unl-170,0,Atakhan,,,,,7,3,,Unit,Unleased,3,3,0,Rare,,,,,,,,,,,,,,,,,,,,,,,,,,,,,,,,,,,,,,,,,,,,,,,,,,
unl-171,0,"Galio, Indefatigable",,,,,6,1,,Unit,Unleased,3,3,0,Rare,,,,,,,,,,,,,,,,,,,,,,,,,,,,,,,,,,,,,,,,,,,,,,,,,,
unl-172,0,"LeBlanc, Fragmented",,,,,3,1,,Unit,Unleased,3,3,0,Rare,,,,,,,,,,,,,,,,,,,,,,,,,,,,,,,,,,,,,,,,,,,,,,,,,,
unl-173,0,Sacrifice,,,,,,,,Spell,Unleased,3,3,0,Rare,,,,,,,,,,,,,,,,,,,,,,,,,,,,,,,,,,,,,,,,,,,,,,,,,,
unl-174,0,Shard of Undoing,,,,,,,,Gear,Unleased,3,3,0,Rare,,,,,,,,,,,,,,,,,,,,,,,,,,,,,,,,,,,,,,,,,,,,,,,,,,
unl-175,0,Tactical Retreat,,,,,,,,Spell,Unleased,3,3,0,Rare,,,,,,,,,,,,,,,,,,,,,,,,,,,,,,,,,,,,,,,,,,,,,,,,,,
unl-176,0,"Vi, Peacekeeper",,,,,5,1,,Unit,Unleased,3,3,0,Rare,,,,,,,,,,,,,,,,,,,,,,,,,,,,,,,,,,,,,,,,,,,,,,,,,,
unl-177,0,"Ivern, Friend to All",,,,,6,,,Unit,Unleased,3,3,0,Epic,,,,,,,,,,,,,,,,,,,,,,,,,,,,,,,,,,,,,,,,,,,,,,,,,,
unl-178,0,"Poppy, Defender of the Meek",,,,,5,1,,Unit,Unleased,3,3,0,Epic,,,,,,,,,,,,,,,,,,,,,,,,,,,,,,,,,,,,,,,,,,,,,,,,,,
unl-179,0,Rift Herald,,,,,7,1,,Unit,Unleased,3,3,0,Epic,,,,,,,,,,,,,,,,,,,,,,,,,,,,,,,,,,,,,,,,,,,,,,,,,,
unl-180,0,The Ruination,,,,,,3,,Spell,Unleased,3,3,0,Epic,,,,,,,,,,,,,,,,,,,,,,,,,,,,,,,,,,,,,,,,,,,,,,,,,,
unl-181,0,Virtuoso,,,,,,,,Legend,Unleased,1,1,0,Rare,,,,,,,,,,,,,,,,,,,,,,,,,,,,,,,,,,,,,,,,,,,,,,,,,,
unl-182,0,Curtain Call,,,,,,,,Spell,Unleased,3,3,0,Epic,,,,,,,,,,,,,,,,,,,,,,,,,,,,,,,,,,,,,,,,,,,,,,,,,,
unl-183,0,Pridestalker,,,,,,,,Legend,Unleased,1,1,0,Rare,,,,,,,,,,,,,,,,,,,,,,,,,,,,,,,,,,,,,,,,,,,,,,,,,,
unl-184,0,Thrill of the Hunt,,,,,,1,,Spell,Unleased,3,3,0,Epic,,,,,,,,,,,,,,,,,,,,,,,,,,,,,,,,,,,,,,,,,,,,,,,,,,
unl-185,0,Bloodharbor Ripper,,,,,,,,Legend,Unleased,1,1,0,Rare,,,,,,,,,,,,,,,,,,,,,,,,,,,,,,,,,,,,,,,,,,,,,,,,,,
unl-186,0,Death from Below,,,,,,1,,Spell,Unleased,3,3,0,Epic,,,,,,,,,,,,,,,,,,,,,,,,,,,,,,,,,,,,,,,,,,,,,,,,,,
unl-187,0,Piltover Enforcer,,,,,,,,Legend,Unleased,1,1,0,Rare,,,,,,,,,,,,,,,,,,,,,,,,,,,,,,,,,,,,,,,,,,,,,,,,,,
unl-188,0,Hextech Gauntlets,,,,,,,,Gear,Unleased,3,3,0,Epic,,,,,,,,,,,,,,,,,,,,,,,,,,,,,,,,,,,,,,,,,,,,,,,,,,
unl-189,0,Bashful Bloom,,,,,,,,Legend,Unleased,1,1,0,Rare,,,,,,,,,,,,,,,,,,,,,,,,,,,,,,,,,,,,,,,,,,,,,,,,,,
unl-190,0,Lilting Lullaby,,,,,,2,,Spell,Unleased,3,3,0,Epic,,,,,,,,,,,,,,,,,,,,,,,,,,,,,,,,,,,,,,,,,,,,,,,,,,
unl-191,0,Wuju Master,,,,,,,,Legend,Unleased,1,1,0,Rare,,,,,,,,,,,,,,,,,,,,,,,,,,,,,,,,,,,,,,,,,,,,,,,,,,
unl-192,0,Alpha Strike,,,,,,1,,Spell,Unleased,3,3,0,Epic,,,,,,,,,,,,,,,,,,,,,,,,,,,,,,,,,,,,,,,,,,,,,,,,,,
unl-193,0,Gloomist,,,,,,,,Legend,Unleased,1,1,0,Rare,,,,,,,,,,,,,,,,,,,,,,,,,,,,,,,,,,,,,,,,,,,,,,,,,,
unl-194,0,Shadow,,,,,3,,,Unit,Unleased,3,3,0,Epic,,,,,,,,,,,,,,,,,,,,,,,,,,,,,,,,,,,,,,,,,,,,,,,,,,
unl-195,0,Green Father,,,,,,,,Legend,Unleased,1,1,0,Rare,,,,,,,,,,,,,,,,,,,,,,,,,,,,,,,,,,,,,,,,,,,,,,,,,,
unl-196,0,Daisy!,,,,,8,2,,Unit,Unleased,3,3,0,Epic,,,,,,,,,,,,,,,,,,,,,,,,,,,,,,,,,,,,,,,,,,,,,,,,,,
unl-197,0,Scorn of the Moon,,,,,,,,Legend,Unleased,1,1,0,Rare,,,,,,,,,,,,,,,,,,,,,,,,,,,,,,,,,,,,,,,,,,,,,,,,,,
unl-198,0,Moonfall,,,,,,1,,Spell,Unleased,3,3,0,Epic,,,,,,,,,,,,,,,,,,,,,,,,,,,,,,,,,,,,,,,,,,,,,,,,,,
unl-199,0,Deceiver,,,,,,,,Legend,Unleased,1,1,0,Rare,,,,,,,,,,,,,,,,,,,,,,,,,,,,,,,,,,,,,,,,,,,,,,,,,,
unl-200,0,Mirror Image,,,,,,2,,Spell,Unleased,3,3,0,Epic,,,,,,,,,,,,,,,,,,,,,,,,,,,,,,,,,,,,,,,,,,,,,,,,,,
unl-201,0,Voidreaver,,,,,,,,Legend,Unleased,1,1,0,Rare,,,,,,,,,,,,,,,,,,,,,,,,,,,,,,,,,,,,,,,,,,,,,,,,,,
unl-202,0,Void Assault,,,,,,1,,Spell,Unleased,3,3,0,Epic,,,,,,,,,,,,,,,,,,,,,,,,,,,,,,,,,,,,,,,,,,,,,,,,,,
unl-203,0,Keeper of the Hammer,,,,,,,,Legend,Unleased,1,1,0,Rare,,,,,,,,,,,,,,,,,,,,,,,,,,,,,,,,,,,,,,,,,,,,,,,,,,
unl-204,0,Keeper's Verdict,,,,,,2,,Spell,Unleased,3,3,0,Epic,,,,,,,,,,,,,,,,,,,,,,,,,,,,,,,,,,,,,,,,,,,,,,,,,,
unl-205,0,Abandoned Hall,,,any,,,,,Battlefield,Unleased,1,1,0,Uncommon,,,,,,,,,,,,,,,,,,,,,,,,,,,,,,,,,,,,,,,,,,,,,,,,,,
unl-206,0,Altar of Blood,,,any,,,,,Battlefield,Unleased,1,1,0,Uncommon,,,,,,,,,,,,,,,,,,,,,,,,,,,,,,,,,,,,,,,,,,,,,,,,,,
unl-207,0,Amateur Recital,,,any,,,,,Battlefield,Unleased,1,1,0,Uncommon,,,,,,,,,,,,,,,,,,,,,,,,,,,,,,,,,,,,,,,,,,,,,,,,,,
unl-208,0,Black Flame Altar,,,any,,,,,Battlefield,Unleased,1,1,0,Uncommon,,,,,,,,,,,,,,,,,,,,,,,,,,,,,,,,,,,,,,,,,,,,,,,,,,
unl-209,0,Dusk Rose Lab,,,any,,,,,Battlefield,Unleased,1,1,0,Uncommon,,,,,,,,,,,,,,,,,,,,,,,,,,,,,,,,,,,,,,,,,,,,,,,,,,
unl-210,0,Forbidding Waste,,,any,,,,,Battlefield,Unleased,1,1,0,Uncommon,,,,,,,,,,,,,,,,,,,,,,,,,,,,,,,,,,,,,,,,,,,,,,,,,,
unl-211,0,Forgotten Library,,,any,,,,,Battlefield,Unleased,1,1,0,Uncommon,,,,,,,,,,,,,,,,,,,,,,,,,,,,,,,,,,,,,,,,,,,,,,,,,,
unl-212,0,Frozen Fortress,,,any,,,,,Battlefield,Unleased,1,1,0,Uncommon,,,,,,,,,,,,,,,,,,,,,,,,,,,,,,,,,,,,,,,,,,,,,,,,,,
unl-213,0,Gardens of Becoming,,,any,,,,,Battlefield,Unleased,1,1,0,Uncommon,,,,,,,,,,,,,,,,,,,,,,,,,,,,,,,,,,,,,,,,,,,,,,,,,,
unl-214,0,Ripper's Bay,,,any,,,,,Battlefield,Unleased,1,1,0,Uncommon,,,,,,,,,,,,,,,,,,,,,,,,,,,,,,,,,,,,,,,,,,,,,,,,,,
unl-215,0,Star Spring,,,any,,,,,Battlefield,Unleased,1,1,0,Uncommon,,,,,,,,,,,,,,,,,,,,,,,,,,,,,,,,,,,,,,,,,,,,,,,,,,
unl-216,0,The Academy,,,any,,,,,Battlefield,Unleased,1,1,0,Uncommon,,,,,,,,,,,,,,,,,,,,,,,,,,,,,,,,,,,,,,,,,,,,,,,,,,
unl-217,0,Trapping Grounds,,,any,,,,,Battlefield,Unleased,1,1,0,Uncommon,,,,,,,,,,,,,,,,,,,,,,,,,,,,,,,,,,,,,,,,,,,,,,,,,,
unl-218,0,Valley of Idols,,,any,,,,,Battlefield,Unleased,1,1,0,Uncommon,,,,,,,,,,,,,,,,,,,,,,,,,,,,,,,,,,,,,,,,,,,,,,,,,,
unl-219,0,Vaults of Helia,,,any,,,,,Battlefield,Unleased,1,1,0,Uncommon,,,,,,,,,,,,,,,,,,,,,,,,,,,,,,,,,,,,,,,,,,,,,,,,,,
unl-220,0,Pouty Poro,,,,,2,,,Unit,Unleased,3,3,0,Showcase,,,,,,,,,,,,,,,,,,,,,,,,,,,,,,,,,,,,,,,,,,,,,,,,,,
unl-221,0,Lonely Poro,,,,,2,,,Unit,Unleased,3,3,0,Showcase,,,,,,,,,,,,,,,,,,,,,,,,,,,,,,,,,,,,,,,,,,,,,,,,,,
unl-222,0,Plundering Poro,,,,,2,,,Unit,Unleased,3,3,0,Showcase,,,,,,,,,,,,,,,,,,,,,,,,,,,,,,,,,,,,,,,,,,,,,,,,,,
unl-223,0,Veteran Poro,,,,,2,,,Unit,Unleased,3,3,0,Showcase,,,,,,,,,,,,,,,,,,,,,,,,,,,,,,,,,,,,,,,,,,,,,,,,,,
unl-224,0,Mystic Poro,,,,,2,,,Unit,Unleased,3,3,0,Showcase,,,,,,,,,,,,,,,,,,,,,,,,,,,,,,,,,,,,,,,,,,,,,,,,,,
unl-225,0,Daring Poro,,,,,2,,,Unit,Unleased,3,3,0,Showcase,,,,,,,,,,,,,,,,,,,,,,,,,,,,,,,,,,,,,,,,,,,,,,,,,,
unl-226,0,Virtuoso,,,,,,,,Legend,Unleased,1,1,0,Showcase,,,,,,,,,,,,,,,,,,,,,,,,,,,,,,,,,,,,,,,,,,,,,,,,,,
unl-227,0,Pridestalker,,,,,,,,Legend,Unleased,1,1,0,Showcase,,,,,,,,,,,,,,,,,,,,,,,,,,,,,,,,,,,,,,,,,,,,,,,,,,
unl-228,0,Bloodharbor Ripper,,,,,,,,Legend,Unleased,1,1,0,Showcase,,,,,,,,,,,,,,,,,,,,,,,,,,,,,,,,,,,,,,,,,,,,,,,,,,
unl-229,0,Piltover Enforcer,,,,,,,,Legend,Unleased,1,1,0,Showcase,,,,,,,,,,,,,,,,,,,,,,,,,,,,,,,,,,,,,,,,,,,,,,,,,,
unl-230,0,Bashful Bloom,,,,,,,,Legend,Unleased,1,1,0,Showcase,,,,,,,,,,,,,,,,,,,,,,,,,,,,,,,,,,,,,,,,,,,,,,,,,,
unl-231,0,Wuju Master,,,,,,,,Legend,Unleased,1,1,0,Showcase,,,,,,,,,,,,,,,,,,,,,,,,,,,,,,,,,,,,,,,,,,,,,,,,,,
unl-232,0,Gloomist,,,,,,,,Legend,Unleased,1,1,0,Showcase,,,,,,,,,,,,,,,,,,,,,,,,,,,,,,,,,,,,,,,,,,,,,,,,,,
unl-233,0,Green Father,,,,,,,,Legend,Unleased,1,1,0,Showcase,,,,,,,,,,,,,,,,,,,,,,,,,,,,,,,,,,,,,,,,,,,,,,,,,,
unl-234,0,Scorn of the Moon,,,,,,,,Legend,Unleased,1,1,0,Showcase,,,,,,,,,,,,,,,,,,,,,,,,,,,,,,,,,,,,,,,,,,,,,,,,,,
unl-235,0,Deceiver,,,,,,,,Legend,Unleased,1,1,0,Showcase,,,,,,,,,,,,,,,,,,,,,,,,,,,,,,,,,,,,,,,,,,,,,,,,,,
unl-236,0,Voidreaver,,,,,,,,Legend,Unleased,1,1,0,Showcase,,,,,,,,,,,,,,,,,,,,,,,,,,,,,,,,,,,,,,,,,,,,,,,,,,
unl-237,0,Keeper of the Hammer,,,,,,,,Legend,Unleased,1,1,0,Showcase,,,,,,,,,,,,,,,,,,,,,,,,,,,,,,,,,,,,,,,,,,,,,,,,,,
unl-238,0,Baron Nashor,,,,,12,3,,Unit,Unleased,3,3,0,Showcase,,,,,,,,,,,,,,,,,,,,,,,,,,,,,,,,,,,,,,,,,,,,,,,,,,
unl-t01,0,Baron Pit,,,any,,,,,Battlefield,Unleased,1,1,0,Common,,,,,,,,,,,,,,,,,,,,,,,,,,,,,,,,,,,,,,,,,,,,,,,,,,
unl-t02,0,Bird,,,any,,1,,,Unit,Unleased,3,3,0,Common,,,,,,,,,,,,,,,,,,,,,,,,,,,,,,,,,,,,,,,,,,,,,,,,,,
unl-t03,0,Brush,,,any,,,,,Battlefield,Unleased,1,1,0,Common,,,,,,,,,,,,,,,,,,,,,,,,,,,,,,,,,,,,,,,,,,,,,,,,,,
unl-t05,0,Gold,,,any,,,,,Gear,Unleased,3,3,0,Common,,,,,,,,,,,,,,,,,,,,,,,,,,,,,,,,,,,,,,,,,,,,,,,,,,
unl-t06,0,Reflection,,,any,,0,,,Unit,Unleased,3,3,0,Common,,,,,,,,,,,,,,,,,,,,,,,,,,,,,,,,,,,,,,,,,,,,,,,,,,
unl-t07,0,Sprite,,,any,,3,,,Unit,Unleased,3,3,0,Common,,,,,,,,,,,,,,,,,,,,,,,,,,,,,,,,,,,,,,,,,,,,,,,,,,
ven-001,,,,,,,,,,,,,,,,,,,,,,,,,,,,,,,,,,,,,,,,,,,,,,,,,,,,,,,,,,,,,,,,,
ven-002,,,,,,,,,,,,,,,,,,,,,,,,,,,,,,,,,,,,,,,,,,,,,,,,,,,,,,,,,,,,,,,,,
ven-003,,,,,,,,,,,,,,,,,,,,,,,,,,,,,,,,,,,,,,,,,,,,,,,,,,,,,,,,,,,,,,,,,
ven-004,,,,,,,,,,,,,,,,,,,,,,,,,,,,,,,,,,,,,,,,,,,,,,,,,,,,,,,,,,,,,,,,,
ven-005,,,,,,,,,,,,,,,,,,,,,,,,,,,,,,,,,,,,,,,,,,,,,,,,,,,,,,,,,,,,,,,,,
ven-006,,,,,,,,,,,,,,,,,,,,,,,,,,,,,,,,,,,,,,,,,,,,,,,,,,,,,,,,,,,,,,,,,
ven-007,,,,,,,,,,,,,,,,,,,,,,,,,,,,,,,,,,,,,,,,,,,,,,,,,,,,,,,,,,,,,,,,,
ven-008,,,,,,,,,,,,,,,,,,,,,,,,,,,,,,,,,,,,,,,,,,,,,,,,,,,,,,,,,,,,,,,,,
ven-009,,,,,,,,,,,,,,,,,,,,,,,,,,,,,,,,,,,,,,,,,,,,,,,,,,,,,,,,,,,,,,,,,
ven-010,,,,,,,,,,,,,,,,,,,,,,,,,,,,,,,,,,,,,,,,,,,,,,,,,,,,,,,,,,,,,,,,,
ven-011,,,,,,,,,,,,,,,,,,,,,,,,,,,,,,,,,,,,,,,,,,,,,,,,,,,,,,,,,,,,,,,,,
ven-012,,,,,,,,,,,,,,,,,,,,,,,,,,,,,,,,,,,,,,,,,,,,,,,,,,,,,,,,,,,,,,,,,
ven-013,,,,,,,,,,,,,,,,,,,,,,,,,,,,,,,,,,,,,,,,,,,,,,,,,,,,,,,,,,,,,,,,,
ven-014,,,,,,,,,,,,,,,,,,,,,,,,,,,,,,,,,,,,,,,,,,,,,,,,,,,,,,,,,,,,,,,,,
ven-015,,,,,,,,,,,,,,,,,,,,,,,,,,,,,,,,,,,,,,,,,,,,,,,,,,,,,,,,,,,,,,,,,
ven-016,,,,,,,,,,,,,,,,,,,,,,,,,,,,,,,,,,,,,,,,,,,,,,,,,,,,,,,,,,,,,,,,,
ven-017,,,,,,,,,,,,,,,,,,,,,,,,,,,,,,,,,,,,,,,,,,,,,,,,,,,,,,,,,,,,,,,,,
ven-018,,,,,,,,,,,,,,,,,,,,,,,,,,,,,,,,,,,,,,,,,,,,,,,,,,,,,,,,,,,,,,,,,
ven-019,,,,,,,,,,,,,,,,,,,,,,,,,,,,,,,,,,,,,,,,,,,,,,,,,,,,,,,,,,,,,,,,,
ven-020,,,,,,,,,,,,,,,,,,,,,,,,,,,,,,,,,,,,,,,,,,,,,,,,,,,,,,,,,,,,,,,,,
ven-021,,,,,,,,,,,,,,,,,,,,,,,,,,,,,,,,,,,,,,,,,,,,,,,,,,,,,,,,,,,,,,,,,
ven-022,,,,,,,,,,,,,,,,,,,,,,,,,,,,,,,,,,,,,,,,,,,,,,,,,,,,,,,,,,,,,,,,,
ven-023,,,,,,,,,,,,,,,,,,,,,,,,,,,,,,,,,,,,,,,,,,,,,,,,,,,,,,,,,,,,,,,,,
ven-024,,,,,,,,,,,,,,,,,,,,,,,,,,,,,,,,,,,,,,,,,,,,,,,,,,,,,,,,,,,,,,,,,
ven-025,,,,,,,,,,,,,,,,,,,,,,,,,,,,,,,,,,,,,,,,,,,,,,,,,,,,,,,,,,,,,,,,,
ven-026,,,,,,,,,,,,,,,,,,,,,,,,,,,,,,,,,,,,,,,,,,,,,,,,,,,,,,,,,,,,,,,,,
ven-027,,,,,,,,,,,,,,,,,,,,,,,,,,,,,,,,,,,,,,,,,,,,,,,,,,,,,,,,,,,,,,,,,
ven-028,,,,,,,,,,,,,,,,,,,,,,,,,,,,,,,,,,,,,,,,,,,,,,,,,,,,,,,,,,,,,,,,,
ven-029,,,,,,,,,,,,,,,,,,,,,,,,,,,,,,,,,,,,,,,,,,,,,,,,,,,,,,,,,,,,,,,,,
ven-030,,,,,,,,,,,,,,,,,,,,,,,,,,,,,,,,,,,,,,,,,,,,,,,,,,,,,,,,,,,,,,,,,
ven-031,,,,,,,,,,,,,,,,,,,,,,,,,,,,,,,,,,,,,,,,,,,,,,,,,,,,,,,,,,,,,,,,,
ven-032,,,,,,,,,,,,,,,,,,,,,,,,,,,,,,,,,,,,,,,,,,,,,,,,,,,,,,,,,,,,,,,,,
ven-033,,,,,,,,,,,,,,,,,,,,,,,,,,,,,,,,,,,,,,,,,,,,,,,,,,,,,,,,,,,,,,,,,
ven-034,,,,,,,,,,,,,,,,,,,,,,,,,,,,,,,,,,,,,,,,,,,,,,,,,,,,,,,,,,,,,,,,,
ven-035,,,,,,,,,,,,,,,,,,,,,,,,,,,,,,,,,,,,,,,,,,,,,,,,,,,,,,,,,,,,,,,,,
ven-036,,,,,,,,,,,,,,,,,,,,,,,,,,,,,,,,,,,,,,,,,,,,,,,,,,,,,,,,,,,,,,,,,
ven-037,,,,,,,,,,,,,,,,,,,,,,,,,,,,,,,,,,,,,,,,,,,,,,,,,,,,,,,,,,,,,,,,,
ven-038,,,,,,,,,,,,,,,,,,,,,,,,,,,,,,,,,,,,,,,,,,,,,,,,,,,,,,,,,,,,,,,,,
ven-039,,,,,,,,,,,,,,,,,,,,,,,,,,,,,,,,,,,,,,,,,,,,,,,,,,,,,,,,,,,,,,,,,
ven-040,,,,,,,,,,,,,,,,,,,,,,,,,,,,,,,,,,,,,,,,,,,,,,,,,,,,,,,,,,,,,,,,,
ven-041,,,,,,,,,,,,,,,,,,,,,,,,,,,,,,,,,,,,,,,,,,,,,,,,,,,,,,,,,,,,,,,,,
ven-042,,,,,,,,,,,,,,,,,,,,,,,,,,,,,,,,,,,,,,,,,,,,,,,,,,,,,,,,,,,,,,,,,
ven-043,,,,,,,,,,,,,,,,,,,,,,,,,,,,,,,,,,,,,,,,,,,,,,,,,,,,,,,,,,,,,,,,,
ven-044,,,,,,,,,,,,,,,,,,,,,,,,,,,,,,,,,,,,,,,,,,,,,,,,,,,,,,,,,,,,,,,,,
ven-045,,,,,,,,,,,,,,,,,,,,,,,,,,,,,,,,,,,,,,,,,,,,,,,,,,,,,,,,,,,,,,,,,
ven-046,,,,,,,,,,,,,,,,,,,,,,,,,,,,,,,,,,,,,,,,,,,,,,,,,,,,,,,,,,,,,,,,,
ven-047,,,,,,,,,,,,,,,,,,,,,,,,,,,,,,,,,,,,,,,,,,,,,,,,,,,,,,,,,,,,,,,,,
ven-048,,,,,,,,,,,,,,,,,,,,,,,,,,,,,,,,,,,,,,,,,,,,,,,,,,,,,,,,,,,,,,,,,
ven-049,,,,,,,,,,,,,,,,,,,,,,,,,,,,,,,,,,,,,,,,,,,,,,,,,,,,,,,,,,,,,,,,,
ven-050,,,,,,,,,,,,,,,,,,,,,,,,,,,,,,,,,,,,,,,,,,,,,,,,,,,,,,,,,,,,,,,,,
ven-051,,,,,,,,,,,,,,,,,,,,,,,,,,,,,,,,,,,,,,,,,,,,,,,,,,,,,,,,,,,,,,,,,
ven-052,,,,,,,,,,,,,,,,,,,,,,,,,,,,,,,,,,,,,,,,,,,,,,,,,,,,,,,,,,,,,,,,,
ven-053,,,,,,,,,,,,,,,,,,,,,,,,,,,,,,,,,,,,,,,,,,,,,,,,,,,,,,,,,,,,,,,,,
ven-054,,,,,,,,,,,,,,,,,,,,,,,,,,,,,,,,,,,,,,,,,,,,,,,,,,,,,,,,,,,,,,,,,
ven-055,,,,,,,,,,,,,,,,,,,,,,,,,,,,,,,,,,,,,,,,,,,,,,,,,,,,,,,,,,,,,,,,,
ven-056,,,,,,,,,,,,,,,,,,,,,,,,,,,,,,,,,,,,,,,,,,,,,,,,,,,,,,,,,,,,,,,,,
ven-057,,,,,,,,,,,,,,,,,,,,,,,,,,,,,,,,,,,,,,,,,,,,,,,,,,,,,,,,,,,,,,,,,
ven-058,,,,,,,,,,,,,,,,,,,,,,,,,,,,,,,,,,,,,,,,,,,,,,,,,,,,,,,,,,,,,,,,,
ven-059,,,,,,,,,,,,,,,,,,,,,,,,,,,,,,,,,,,,,,,,,,,,,,,,,,,,,,,,,,,,,,,,,
ven-060,,,,,,,,,,,,,,,,,,,,,,,,,,,,,,,,,,,,,,,,,,,,,,,,,,,,,,,,,,,,,,,,,
ven-061,,,,,,,,,,,,,,,,,,,,,,,,,,,,,,,,,,,,,,,,,,,,,,,,,,,,,,,,,,,,,,,,,
ven-062,,,,,,,,,,,,,,,,,,,,,,,,,,,,,,,,,,,,,,,,,,,,,,,,,,,,,,,,,,,,,,,,,
ven-063,,,,,,,,,,,,,,,,,,,,,,,,,,,,,,,,,,,,,,,,,,,,,,,,,,,,,,,,,,,,,,,,,
ven-064,,,,,,,,,,,,,,,,,,,,,,,,,,,,,,,,,,,,,,,,,,,,,,,,,,,,,,,,,,,,,,,,,
ven-065,,,,,,,,,,,,,,,,,,,,,,,,,,,,,,,,,,,,,,,,,,,,,,,,,,,,,,,,,,,,,,,,,
ven-066,,,,,,,,,,,,,,,,,,,,,,,,,,,,,,,,,,,,,,,,,,,,,,,,,,,,,,,,,,,,,,,,,
ven-067,,,,,,,,,,,,,,,,,,,,,,,,,,,,,,,,,,,,,,,,,,,,,,,,,,,,,,,,,,,,,,,,,
ven-068,,,,,,,,,,,,,,,,,,,,,,,,,,,,,,,,,,,,,,,,,,,,,,,,,,,,,,,,,,,,,,,,,
ven-069,,,,,,,,,,,,,,,,,,,,,,,,,,,,,,,,,,,,,,,,,,,,,,,,,,,,,,,,,,,,,,,,,
ven-070,,,,,,,,,,,,,,,,,,,,,,,,,,,,,,,,,,,,,,,,,,,,,,,,,,,,,,,,,,,,,,,,,
ven-071,,,,,,,,,,,,,,,,,,,,,,,,,,,,,,,,,,,,,,,,,,,,,,,,,,,,,,,,,,,,,,,,,
ven-072,,,,,,,,,,,,,,,,,,,,,,,,,,,,,,,,,,,,,,,,,,,,,,,,,,,,,,,,,,,,,,,,,
ven-073,,,,,,,,,,,,,,,,,,,,,,,,,,,,,,,,,,,,,,,,,,,,,,,,,,,,,,,,,,,,,,,,,
ven-074,,,,,,,,,,,,,,,,,,,,,,,,,,,,,,,,,,,,,,,,,,,,,,,,,,,,,,,,,,,,,,,,,
ven-075,,,,,,,,,,,,,,,,,,,,,,,,,,,,,,,,,,,,,,,,,,,,,,,,,,,,,,,,,,,,,,,,,
ven-076,,,,,,,,,,,,,,,,,,,,,,,,,,,,,,,,,,,,,,,,,,,,,,,,,,,,,,,,,,,,,,,,,
ven-077,,,,,,,,,,,,,,,,,,,,,,,,,,,,,,,,,,,,,,,,,,,,,,,,,,,,,,,,,,,,,,,,,
ven-078,,,,,,,,,,,,,,,,,,,,,,,,,,,,,,,,,,,,,,,,,,,,,,,,,,,,,,,,,,,,,,,,,
ven-079,,,,,,,,,,,,,,,,,,,,,,,,,,,,,,,,,,,,,,,,,,,,,,,,,,,,,,,,,,,,,,,,,
ven-080,,,,,,,,,,,,,,,,,,,,,,,,,,,,,,,,,,,,,,,,,,,,,,,,,,,,,,,,,,,,,,,,,
ven-081,,,,,,,,,,,,,,,,,,,,,,,,,,,,,,,,,,,,,,,,,,,,,,,,,,,,,,,,,,,,,,,,,
ven-082,,,,,,,,,,,,,,,,,,,,,,,,,,,,,,,,,,,,,,,,,,,,,,,,,,,,,,,,,,,,,,,,,
ven-083,,,,,,,,,,,,,,,,,,,,,,,,,,,,,,,,,,,,,,,,,,,,,,,,,,,,,,,,,,,,,,,,,
ven-084,,,,,,,,,,,,,,,,,,,,,,,,,,,,,,,,,,,,,,,,,,,,,,,,,,,,,,,,,,,,,,,,,
ven-085,,,,,,,,,,,,,,,,,,,,,,,,,,,,,,,,,,,,,,,,,,,,,,,,,,,,,,,,,,,,,,,,,
ven-086,,,,,,,,,,,,,,,,,,,,,,,,,,,,,,,,,,,,,,,,,,,,,,,,,,,,,,,,,,,,,,,,,
ven-087,,,,,,,,,,,,,,,,,,,,,,,,,,,,,,,,,,,,,,,,,,,,,,,,,,,,,,,,,,,,,,,,,
ven-088,,,,,,,,,,,,,,,,,,,,,,,,,,,,,,,,,,,,,,,,,,,,,,,,,,,,,,,,,,,,,,,,,
ven-089,,,,,,,,,,,,,,,,,,,,,,,,,,,,,,,,,,,,,,,,,,,,,,,,,,,,,,,,,,,,,,,,,
ven-090,,,,,,,,,,,,,,,,,,,,,,,,,,,,,,,,,,,,,,,,,,,,,,,,,,,,,,,,,,,,,,,,,
ven-091,,,,,,,,,,,,,,,,,,,,,,,,,,,,,,,,,,,,,,,,,,,,,,,,,,,,,,,,,,,,,,,,,
ven-092,,,,,,,,,,,,,,,,,,,,,,,,,,,,,,,,,,,,,,,,,,,,,,,,,,,,,,,,,,,,,,,,,
ven-093,,,,,,,,,,,,,,,,,,,,,,,,,,,,,,,,,,,,,,,,,,,,,,,,,,,,,,,,,,,,,,,,,
ven-094,,,,,,,,,,,,,,,,,,,,,,,,,,,,,,,,,,,,,,,,,,,,,,,,,,,,,,,,,,,,,,,,,
ven-095,,,,,,,,,,,,,,,,,,,,,,,,,,,,,,,,,,,,,,,,,,,,,,,,,,,,,,,,,,,,,,,,,
ven-096,,,,,,,,,,,,,,,,,,,,,,,,,,,,,,,,,,,,,,,,,,,,,,,,,,,,,,,,,,,,,,,,,
ven-097,,,,,,,,,,,,,,,,,,,,,,,,,,,,,,,,,,,,,,,,,,,,,,,,,,,,,,,,,,,,,,,,,
ven-098,,,,,,,,,,,,,,,,,,,,,,,,,,,,,,,,,,,,,,,,,,,,,,,,,,,,,,,,,,,,,,,,,
ven-099,,,,,,,,,,,,,,,,,,,,,,,,,,,,,,,,,,,,,,,,,,,,,,,,,,,,,,,,,,,,,,,,,
ven-100,,,,,,,,,,,,,,,,,,,,,,,,,,,,,,,,,,,,,,,,,,,,,,,,,,,,,,,,,,,,,,,,,
ven-101,,,,,,,,,,,,,,,,,,,,,,,,,,,,,,,,,,,,,,,,,,,,,,,,,,,,,,,,,,,,,,,,,
ven-102,,,,,,,,,,,,,,,,,,,,,,,,,,,,,,,,,,,,,,,,,,,,,,,,,,,,,,,,,,,,,,,,,
ven-103,,,,,,,,,,,,,,,,,,,,,,,,,,,,,,,,,,,,,,,,,,,,,,,,,,,,,,,,,,,,,,,,,
ven-104,,,,,,,,,,,,,,,,,,,,,,,,,,,,,,,,,,,,,,,,,,,,,,,,,,,,,,,,,,,,,,,,,
ven-105,,,,,,,,,,,,,,,,,,,,,,,,,,,,,,,,,,,,,,,,,,,,,,,,,,,,,,,,,,,,,,,,,
ven-106,,,,,,,,,,,,,,,,,,,,,,,,,,,,,,,,,,,,,,,,,,,,,,,,,,,,,,,,,,,,,,,,,
ven-107,,,,,,,,,,,,,,,,,,,,,,,,,,,,,,,,,,,,,,,,,,,,,,,,,,,,,,,,,,,,,,,,,
ven-108,,,,,,,,,,,,,,,,,,,,,,,,,,,,,,,,,,,,,,,,,,,,,,,,,,,,,,,,,,,,,,,,,
ven-109,,,,,,,,,,,,,,,,,,,,,,,,,,,,,,,,,,,,,,,,,,,,,,,,,,,,,,,,,,,,,,,,,
ven-110,,,,,,,,,,,,,,,,,,,,,,,,,,,,,,,,,,,,,,,,,,,,,,,,,,,,,,,,,,,,,,,,,
ven-111,,,,,,,,,,,,,,,,,,,,,,,,,,,,,,,,,,,,,,,,,,,,,,,,,,,,,,,,,,,,,,,,,
ven-112,,,,,,,,,,,,,,,,,,,,,,,,,,,,,,,,,,,,,,,,,,,,,,,,,,,,,,,,,,,,,,,,,
ven-113,,,,,,,,,,,,,,,,,,,,,,,,,,,,,,,,,,,,,,,,,,,,,,,,,,,,,,,,,,,,,,,,,
ven-114,,,,,,,,,,,,,,,,,,,,,,,,,,,,,,,,,,,,,,,,,,,,,,,,,,,,,,,,,,,,,,,,,
ven-115,,,,,,,,,,,,,,,,,,,,,,,,,,,,,,,,,,,,,,,,,,,,,,,,,,,,,,,,,,,,,,,,,
ven-116,,,,,,,,,,,,,,,,,,,,,,,,,,,,,,,,,,,,,,,,,,,,,,,,,,,,,,,,,,,,,,,,,
ven-117,,,,,,,,,,,,,,,,,,,,,,,,,,,,,,,,,,,,,,,,,,,,,,,,,,,,,,,,,,,,,,,,,
ven-118,,,,,,,,,,,,,,,,,,,,,,,,,,,,,,,,,,,,,,,,,,,,,,,,,,,,,,,,,,,,,,,,,
ven-119,,,,,,,,,,,,,,,,,,,,,,,,,,,,,,,,,,,,,,,,,,,,,,,,,,,,,,,,,,,,,,,,,
ven-120,,,,,,,,,,,,,,,,,,,,,,,,,,,,,,,,,,,,,,,,,,,,,,,,,,,,,,,,,,,,,,,,,
ven-121,,,,,,,,,,,,,,,,,,,,,,,,,,,,,,,,,,,,,,,,,,,,,,,,,,,,,,,,,,,,,,,,,
ven-122,,,,,,,,,,,,,,,,,,,,,,,,,,,,,,,,,,,,,,,,,,,,,,,,,,,,,,,,,,,,,,,,,
ven-123,,,,,,,,,,,,,,,,,,,,,,,,,,,,,,,,,,,,,,,,,,,,,,,,,,,,,,,,,,,,,,,,,
ven-124,,,,,,,,,,,,,,,,,,,,,,,,,,,,,,,,,,,,,,,,,,,,,,,,,,,,,,,,,,,,,,,,,
ven-125,,,,,,,,,,,,,,,,,,,,,,,,,,,,,,,,,,,,,,,,,,,,,,,,,,,,,,,,,,,,,,,,,
ven-126,,,,,,,,,,,,,,,,,,,,,,,,,,,,,,,,,,,,,,,,,,,,,,,,,,,,,,,,,,,,,,,,,
ven-127,,,,,,,,,,,,,,,,,,,,,,,,,,,,,,,,,,,,,,,,,,,,,,,,,,,,,,,,,,,,,,,,,
ven-128,,,,,,,,,,,,,,,,,,,,,,,,,,,,,,,,,,,,,,,,,,,,,,,,,,,,,,,,,,,,,,,,,
ven-129,,,,,,,,,,,,,,,,,,,,,,,,,,,,,,,,,,,,,,,,,,,,,,,,,,,,,,,,,,,,,,,,,
ven-130,,,,,,,,,,,,,,,,,,,,,,,,,,,,,,,,,,,,,,,,,,,,,,,,,,,,,,,,,,,,,,,,,
ven-131,,,,,,,,,,,,,,,,,,,,,,,,,,,,,,,,,,,,,,,,,,,,,,,,,,,,,,,,,,,,,,,,,
ven-132,,,,,,,,,,,,,,,,,,,,,,,,,,,,,,,,,,,,,,,,,,,,,,,,,,,,,,,,,,,,,,,,,
ven-133,,,,,,,,,,,,,,,,,,,,,,,,,,,,,,,,,,,,,,,,,,,,,,,,,,,,,,,,,,,,,,,,,
ven-134,,,,,,,,,,,,,,,,,,,,,,,,,,,,,,,,,,,,,,,,,,,,,,,,,,,,,,,,,,,,,,,,,
ven-135,,,,,,,,,,,,,,,,,,,,,,,,,,,,,,,,,,,,,,,,,,,,,,,,,,,,,,,,,,,,,,,,,
ven-136,,,,,,,,,,,,,,,,,,,,,,,,,,,,,,,,,,,,,,,,,,,,,,,,,,,,,,,,,,,,,,,,,
ven-137,,,,,,,,,,,,,,,,,,,,,,,,,,,,,,,,,,,,,,,,,,,,,,,,,,,,,,,,,,,,,,,,,
ven-138,,,,,,,,,,,,,,,,,,,,,,,,,,,,,,,,,,,,,,,,,,,,,,,,,,,,,,,,,,,,,,,,,
ven-139,,,,,,,,,,,,,,,,,,,,,,,,,,,,,,,,,,,,,,,,,,,,,,,,,,,,,,,,,,,,,,,,,
ven-140,,,,,,,,,,,,,,,,,,,,,,,,,,,,,,,,,,,,,,,,,,,,,,,,,,,,,,,,,,,,,,,,,
ven-141,,,,,,,,,,,,,,,,,,,,,,,,,,,,,,,,,,,,,,,,,,,,,,,,,,,,,,,,,,,,,,,,,
ven-142,,,,,,,,,,,,,,,,,,,,,,,,,,,,,,,,,,,,,,,,,,,,,,,,,,,,,,,,,,,,,,,,,
ven-143,,,,,,,,,,,,,,,,,,,,,,,,,,,,,,,,,,,,,,,,,,,,,,,,,,,,,,,,,,,,,,,,,
ven-144,,,,,,,,,,,,,,,,,,,,,,,,,,,,,,,,,,,,,,,,,,,,,,,,,,,,,,,,,,,,,,,,,
ven-145,,,,,,,,,,,,,,,,,,,,,,,,,,,,,,,,,,,,,,,,,,,,,,,,,,,,,,,,,,,,,,,,,
ven-146,,,,,,,,,,,,,,,,,,,,,,,,,,,,,,,,,,,,,,,,,,,,,,,,,,,,,,,,,,,,,,,,,
ven-147,,,,,,,,,,,,,,,,,,,,,,,,,,,,,,,,,,,,,,,,,,,,,,,,,,,,,,,,,,,,,,,,,
ven-148,,,,,,,,,,,,,,,,,,,,,,,,,,,,,,,,,,,,,,,,,,,,,,,,,,,,,,,,,,,,,,,,,
ven-149,,,,,,,,,,,,,,,,,,,,,,,,,,,,,,,,,,,,,,,,,,,,,,,,,,,,,,,,,,,,,,,,,
ven-150,,,,,,,,,,,,,,,,,,,,,,,,,,,,,,,,,,,,,,,,,,,,,,,,,,,,,,,,,,,,,,,,,
ven-151,,,,,,,,,,,,,,,,,,,,,,,,,,,,,,,,,,,,,,,,,,,,,,,,,,,,,,,,,,,,,,,,,
ven-152,,,,,,,,,,,,,,,,,,,,,,,,,,,,,,,,,,,,,,,,,,,,,,,,,,,,,,,,,,,,,,,,,
ven-153,,,,,,,,,,,,,,,,,,,,,,,,,,,,,,,,,,,,,,,,,,,,,,,,,,,,,,,,,,,,,,,,,
ven-154,,,,,,,,,,,,,,,,,,,,,,,,,,,,,,,,,,,,,,,,,,,,,,,,,,,,,,,,,,,,,,,,,
ven-155,,,,,,,,,,,,,,,,,,,,,,,,,,,,,,,,,,,,,,,,,,,,,,,,,,,,,,,,,,,,,,,,,
ven-156,,,,,,,,,,,,,,,,,,,,,,,,,,,,,,,,,,,,,,,,,,,,,,,,,,,,,,,,,,,,,,,,,
ven-157,,,,,,,,,,,,,,,,,,,,,,,,,,,,,,,,,,,,,,,,,,,,,,,,,,,,,,,,,,,,,,,,,
ven-158,,,,,,,,,,,,,,,,,,,,,,,,,,,,,,,,,,,,,,,,,,,,,,,,,,,,,,,,,,,,,,,,,
ven-159,,,,,,,,,,,,,,,,,,,,,,,,,,,,,,,,,,,,,,,,,,,,,,,,,,,,,,,,,,,,,,,,,
ven-160,,,,,,,,,,,,,,,,,,,,,,,,,,,,,,,,,,,,,,,,,,,,,,,,,,,,,,,,,,,,,,,,,
ven-161,,,,,,,,,,,,,,,,,,,,,,,,,,,,,,,,,,,,,,,,,,,,,,,,,,,,,,,,,,,,,,,,,
ven-162,,,,,,,,,,,,,,,,,,,,,,,,,,,,,,,,,,,,,,,,,,,,,,,,,,,,,,,,,,,,,,,,,
ven-163,,,,,,,,,,,,,,,,,,,,,,,,,,,,,,,,,,,,,,,,,,,,,,,,,,,,,,,,,,,,,,,,,
ven-164,,,,,,,,,,,,,,,,,,,,,,,,,,,,,,,,,,,,,,,,,,,,,,,,,,,,,,,,,,,,,,,,,
ven-165,,,,,,,,,,,,,,,,,,,,,,,,,,,,,,,,,,,,,,,,,,,,,,,,,,,,,,,,,,,,,,,,,
ven-166,,,,,,,,,,,,,,,,,,,,,,,,,,,,,,,,,,,,,,,,,,,,,,,,,,,,,,,,,,,,,,,,,
ven-167,,,,,,,,,,,,,,,,,,,,,,,,,,,,,,,,,,,,,,,,,,,,,,,,,,,,,,,,,,,,,,,,,
ven-168,,,,,,,,,,,,,,,,,,,,,,,,,,,,,,,,,,,,,,,,,,,,,,,,,,,,,,,,,,,,,,,,,
ven-169,,,,,,,,,,,,,,,,,,,,,,,,,,,,,,,,,,,,,,,,,,,,,,,,,,,,,,,,,,,,,,,,,
ven-170,,,,,,,,,,,,,,,,,,,,,,,,,,,,,,,,,,,,,,,,,,,,,,,,,,,,,,,,,,,,,,,,,
ven-171,,,,,,,,,,,,,,,,,,,,,,,,,,,,,,,,,,,,,,,,,,,,,,,,,,,,,,,,,,,,,,,,,
ven-172,,,,,,,,,,,,,,,,,,,,,,,,,,,,,,,,,,,,,,,,,,,,,,,,,,,,,,,,,,,,,,,,,
ven-173,,,,,,,,,,,,,,,,,,,,,,,,,,,,,,,,,,,,,,,,,,,,,,,,,,,,,,,,,,,,,,,,,
ven-174,,,,,,,,,,,,,,,,,,,,,,,,,,,,,,,,,,,,,,,,,,,,,,,,,,,,,,,,,,,,,,,,,
ven-175,,,,,,,,,,,,,,,,,,,,,,,,,,,,,,,,,,,,,,,,,,,,,,,,,,,,,,,,,,,,,,,,,
ven-176,,,,,,,,,,,,,,,,,,,,,,,,,,,,,,,,,,,,,,,,,,,,,,,,,,,,,,,,,,,,,,,,,
ven-177,,,,,,,,,,,,,,,,,,,,,,,,,,,,,,,,,,,,,,,,,,,,,,,,,,,,,,,,,,,,,,,,,
ven-178,,,,,,,,,,,,,,,,,,,,,,,,,,,,,,,,,,,,,,,,,,,,,,,,,,,,,,,,,,,,,,,,,
ven-179,,,,,,,,,,,,,,,,,,,,,,,,,,,,,,,,,,,,,,,,,,,,,,,,,,,,,,,,,,,,,,,,,
ven-180,,,,,,,,,,,,,,,,,,,,,,,,,,,,,,,,,,,,,,,,,,,,,,,,,,,,,,,,,,,,,,,,,
ven-181,,,,,,,,,,,,,,,,,,,,,,,,,,,,,,,,,,,,,,,,,,,,,,,,,,,,,,,,,,,,,,,,,
ven-182,,,,,,,,,,,,,,,,,,,,,,,,,,,,,,,,,,,,,,,,,,,,,,,,,,,,,,,,,,,,,,,,,
ven-183,,,,,,,,,,,,,,,,,,,,,,,,,,,,,,,,,,,,,,,,,,,,,,,,,,,,,,,,,,,,,,,,,
ven-184,,,,,,,,,,,,,,,,,,,,,,,,,,,,,,,,,,,,,,,,,,,,,,,,,,,,,,,,,,,,,,,,,
ven-185,,,,,,,,,,,,,,,,,,,,,,,,,,,,,,,,,,,,,,,,,,,,,,,,,,,,,,,,,,,,,,,,,
ven-186,,,,,,,,,,,,,,,,,,,,,,,,,,,,,,,,,,,,,,,,,,,,,,,,,,,,,,,,,,,,,,,,,
ven-187,,,,,,,,,,,,,,,,,,,,,,,,,,,,,,,,,,,,,,,,,,,,,,,,,,,,,,,,,,,,,,,,,
ven-188,,,,,,,,,,,,,,,,,,,,,,,,,,,,,,,,,,,,,,,,,,,,,,,,,,,,,,,,,,,,,,,,,
ven-189,,,,,,,,,,,,,,,,,,,,,,,,,,,,,,,,,,,,,,,,,,,,,,,,,,,,,,,,,,,,,,,,,
ven-190,,,,,,,,,,,,,,,,,,,,,,,,,,,,,,,,,,,,,,,,,,,,,,,,,,,,,,,,,,,,,,,,,
ven-191,,,,,,,,,,,,,,,,,,,,,,,,,,,,,,,,,,,,,,,,,,,,,,,,,,,,,,,,,,,,,,,,,
ven-192,,,,,,,,,,,,,,,,,,,,,,,,,,,,,,,,,,,,,,,,,,,,,,,,,,,,,,,,,,,,,,,,,
ven-193,,,,,,,,,,,,,,,,,,,,,,,,,,,,,,,,,,,,,,,,,,,,,,,,,,,,,,,,,,,,,,,,,
ven-194,,,,,,,,,,,,,,,,,,,,,,,,,,,,,,,,,,,,,,,,,,,,,,,,,,,,,,,,,,,,,,,,,
ven-195,,,,,,,,,,,,,,,,,,,,,,,,,,,,,,,,,,,,,,,,,,,,,,,,,,,,,,,,,,,,,,,,,
ven-196,,,,,,,,,,,,,,,,,,,,,,,,,,,,,,,,,,,,,,,,,,,,,,,,,,,,,,,,,,,,,,,,,
ven-197,,,,,,,,,,,,,,,,,,,,,,,,,,,,,,,,,,,,,,,,,,,,,,,,,,,,,,,,,,,,,,,,,
ven-r01,,,,,,,,,,,,,,,,,,,,,,,,,,,,,,,,,,,,,,,,,,,,,,,,,,,,,,,,,,,,,,,,,
ven-r02,,,,,,,,,,,,,,,,,,,,,,,,,,,,,,,,,,,,,,,,,,,,,,,,,,,,,,,,,,,,,,,,,
ven-r03,,,,,,,,,,,,,,,,,,,,,,,,,,,,,,,,,,,,,,,,,,,,,,,,,,,,,,,,,,,,,,,,,
ven-r04,,,,,,,,,,,,,,,,,,,,,,,,,,,,,,,,,,,,,,,,,,,,,,,,,,,,,,,,,,,,,,,,,
ven-r05,,,,,,,,,,,,,,,,,,,,,,,,,,,,,,,,,,,,,,,,,,,,,,,,,,,,,,,,,,,,,,,,,
ven-r06,,,,,,,,,,,,,,,,,,,,,,,,,,,,,,,,,,,,,,,,,,,,,,,,,,,,,,,,,,,,,,,,,
ven-sp1,,,,,,,,,,,,,,,,,,,,,,,,,,,,,,,,,,,,,,,,,,,,,,,,,,,,,,,,,,,,,,,,,
ven-sp2,,,,,,,,,,,,,,,,,,,,,,,,,,,,,,,,,,,,,,,,,,,,,,,,,,,,,,,,,,,,,,,,,
ven-sp3,,,,,,,,,,,,,,,,,,,,,,,,,,,,,,,,,,,,,,,,,,,,,,,,,,,,,,,,,,,,,,,,,
ven-sp4,,,,,,,,,,,,,,,,,,,,,,,,,,,,,,,,,,,,,,,,,,,,,,,,,,,,,,,,,,,,,,,,,
ven-sp5,,,,,,,,,,,,,,,,,,,,,,,,,,,,,,,,,,,,,,,,,,,,,,,,,,,,,,,,,,,,,,,,,
ven-sp6,,,,,,,,,,,,,,,,,,,,,,,,,,,,,,,,,,,,,,,,,,,,,,,,,,,,,,,,,,,,,,,,,
ven-t04,,,,,,,,,,,,,,,,,,,,,,,,,,,,,,,,,,,,,,,,,,,,,,,,,,,,,,,,,,,,,,,,,
